科目番号,科目名
01MB50A,デジタルコンテンツ論I
0A00101,応用倫理
0A00102,環境倫理学概論
0A00103,研究倫理
0A00104,生命倫理学
0A00105,企業と技術者の倫理
0A00201,テクニカルコミュニケーション
0A00202,Presentations for General Audiences
0A00203,異分野コミュニケーションのためのプレゼンテーションバトル
0A00204,Global Communication Skills Training
0A00205,サイエンスコミュニケーション概論
0A00206,サイエンスコミュニケーション特論
0A00207,サイエンスコミュニケータ養成実践講座
0A00208,人文知コミュニケーション: 人文社会科学と自然科学の壁を超える
0A00209,総合資料学: 歴史文化の高度化研究とその伝達方法
0A00301,21世紀的中国―現代中国的多相―
0A00302,国際研究プロジェクト
0A00303,国際インターンシップ
0A00311,地球規模課題と国際社会: 食料問題
0A00312,地球規模課題と国際社会: 海洋環境変動と生命
0A00313,地球規模課題と国際社会: 社会脳
0A00314,地球規模課題と国際社会: 感染症・保健医療問題
0A00315,地球規模課題と国際社会: 社会問題
0A00316,地球規模課題と国際社会: 環境汚染と健康影響
0A00317,地球規模課題と国際社会: 環境・エネルギー
0A00401,JAPICアドバンストディスカッションコースI―多極化する世界とこれからの日本
0A00402,JAPICアドバンストディスカッションコースII―次世代モビリティのマーケットデザインと計算科学
0A00403,ダイバーシティとSOGI/LGBT+
0A00404,ワークライフミックス―モーハウスに学ぶパラダイムシフト
0A00405,魅力ある理科教員になるための生物・地学実験
0A00406,アクセシビリティリーダー特論
0A00407,脳の多様性とセルフマネジメント
0A00408,筑波クリエイティブ・キャンプ・アドバンスト
0A00409,博士のキャリアパス
0A00501,生物多様性と地球環境
0A00502,内部共生と生物進化
0A00503,海洋生物の世界と海洋環境講座
0A00504,科学的発見と創造性
0A00505,自然災害にどう向き合うか
0A00506,「考える」動物としての人間―東西哲学からの考察
0A00507,21世紀と宗教
0A00508,UT-Top Academist's Lecture
0A00601,塑造実習
0A00602,コミュニケーションアート&デザインA
0A00603,コミュニケーションアート&デザインB
0A00604,日本画実習
0A00605,ヨーガコース
0A00606,絵画実習A
0A00607,現代アート入門
0A00608,書実習基礎
0A00611,大学院体育Ia
0A00612,大学院体育Ib
0A00613,大学院体育Ic
0A00614,大学院体育IIa
0A00615,大学院体育IIb
0A00616,大学院体育IIc
0A00617,大学院体育IIIa
0A00618,大学院体育IIIb
0A00619,大学院体育IIIc
0A0061A,大学院体育IVa
0A0061B,大学院体育IVb
0A0061C,大学院体育IVc
0A0061D,大学院体育Va
0A0061E,大学院体育Vb
0A0061F,大学院体育Vc
0A0A001,自然保護セミナー
0A0A002,自然保護論
0A0A003,地球環境論
0A0A004,保護地域管理論
0A0A005,景観・緑地保全論
0A0A006,ジオパーク論
0A0A007,生物多様性論
0A0A008,Wildlife Management
0A0A009,モニタリング調査技術
0A0A010,自然保護行政論
0A0A011,自然保護法制度
0A0A012,環境影響評価
0A0A013,生態系の保全と復元
0A0A014,自然保護教育と環境教育
0A0A015,サイエンティフィック・ジャーナリズム
0A0A016,科学と社会のコミュニケーション
0A0A017,モニタリング調査技術2
0A0A101,海域フィールド実習
0A0A102,陸域フィールド実習1
0A0A103,陸域フィールド実習2
0A0A104,保護地域管理実習
0A0A105,野生生物管理実習
0A0A106,自然保護学特別実習
0A0A201,短期インターンシップ
0A0A202,中期インターンシップ
0A0A203,長期インターンシップ
0A0A204,海外インターンシップ
0A0A205,海外自然保護特別研究
0AA1101,法文献学
0AA1102,ビジネス法入門
0AA1501,トップレクチャーI
0AA1502,トップレクチャーII
0AA3001,哲学プラクティスA
0AA3002,哲学プラクティスB
0AA3003,言語対照論
0AA3004,言語資料論
0AA3005,文献資料学
0AA3006,比較文学
0AA3007,表象文化論
0AA3008,現代文化学基礎I
0AA3009,現代文化学基礎II
0AA3010,国際公共政策論
0AA3011,日本政治と市民社会1
0AA3012,Japan's Politics and Civil Society 1
0AA3013,環境とマクロ経済学1
0AA3014,The Environment and Macroeconomics 1
0AA3015,地域研究論
0AB0001,修士論文合同演習
0AB0003,研究法入門
0AB0005,Academic Writing and Research Ethics
0AB0011,人文社会科学のためのグラントライティング入門
0AB0021,人文社会科学のためのインターンシップ(1)
0AB0022,人文社会科学のためのインターンシップ(2)
0ABA211,日本史学基礎演習IA
0ABA213,日本史学基礎演習IB
0ABA215,日本史学基礎演習IIA
0ABA217,日本史学基礎演習IIB
0ABA221,東洋史学基礎演習IA
0ABA223,東洋史学基礎演習IB
0ABA225,東洋史学基礎演習IIA
0ABA227,東洋史学基礎演習IIB
0ABA231,西洋史学基礎演習IA
0ABA233,西洋史学基礎演習IB
0ABA235,西洋史学基礎演習IIA
0ABA237,西洋史学基礎演習IIB
0ABA241,歴史地理学基礎演習IA
0ABA243,歴史地理学基礎演習IB
0ABA245,歴史地理学基礎演習IIA
0ABA247,歴史地理学基礎演習IIB
0ABA251,先史学・考古学基礎演習IA
0ABA253,先史学・考古学基礎演習IB
0ABA255,先史学・考古学基礎演習IIA
0ABA257,先史学・考古学基礎演習IIB
0ABA261,民俗学・文化人類学基礎演習IA
0ABA263,民俗学・文化人類学基礎演習IB
0ABA265,民俗学・文化人類学基礎演習IIA
0ABA267,民俗学・文化人類学基礎演習IIB
0ABA401,言語理論
0ABA402,言語学史
0ABAA04,哲学原論演習(1)A
0ABAA05,哲学原論演習(1)B
0ABAA06,哲学原論演習(2)A
0ABAA07,哲学原論演習(2)B
0ABAA24,現代哲学I演習(1)A
0ABAA26,現代哲学I演習(2)A
0ABAA34,現代哲学II演習(1)A
0ABAA35,現代哲学II演習(1)B
0ABAA36,現代哲学II演習(2)A
0ABAA37,現代哲学II演習(2)B
0ABAA50,東洋哲学(1)A
0ABAA51,東洋哲学(1)B
0ABAA52,東洋哲学(2)A
0ABAA53,東洋哲学(2)B
0ABAA54,東洋哲学演習(1)A
0ABAA55,東洋哲学演習(1)B
0ABAA56,東洋哲学演習(2)A
0ABAA57,東洋哲学演習(2)B
0ABAA70,西洋哲学I(1)A
0ABAA71,西洋哲学I(1)B
0ABAA72,西洋哲学I(2)A
0ABAA73,西洋哲学I(2)B
0ABAA74,西洋哲学I演習(1)A
0ABAA75,西洋哲学I演習(1)B
0ABAA76,西洋哲学I演習(2)A
0ABAA77,西洋哲学I演習(2)B
0ABAA84,西洋哲学II演習(1)A
0ABAA86,西洋哲学II演習(2)A
0ABAAC0,倫理学原論(1)A
0ABAAC1,倫理学原論(1)B
0ABAAC2,倫理学原論(2)A
0ABAAC3,倫理学原論(2)B
0ABAAE4,現代倫理学演習(1)A
0ABAAE5,現代倫理学演習(1)B
0ABAAE6,現代倫理学演習(2)A
0ABAAE7,現代倫理学演習(2)B
0ABAAG4,西洋倫理思想史演習(1)A
0ABAAG5,西洋倫理思想史演習(1)B
0ABAAG6,西洋倫理思想史演習(2)A
0ABAAG7,西洋倫理思想史演習(2)B
0ABAAH0,日本倫理思想史(1)A
0ABAAH1,日本倫理思想史(1)B
0ABAAH3,日本倫理思想史(2)B
0ABAAL0,宗教学I(1)A
0ABAAL1,宗教学I(1)B
0ABAAL2,宗教学I(2)A
0ABAAL3,宗教学I(2)B
0ABAAL4,宗教学I演習(1)A
0ABAAL5,宗教学I演習(1)B
0ABAAL6,宗教学I演習(2)A
0ABAAL7,宗教学I演習(2)B
0ABAAM0,宗教学II(1)A
0ABAAM1,宗教学II(1)B
0ABAAM2,宗教学II(2)A
0ABAAM3,宗教学II(2)B
0ABAAPA,宗教学実習(1)
0ABAAPB,宗教学実習(2)
0ABAAR0,宗教思想史I(1)A
0ABAAR1,宗教思想史I(1)B
0ABAAR2,宗教思想史I(2)A
0ABAAR3,宗教思想史I(2)B
0ABAAR4,宗教思想史I演習(1)A
0ABAAR5,宗教思想史I演習(1)B
0ABAAR6,宗教思想史I演習(2)A
0ABAAR7,宗教思想史I演習(2)B
0ABAAS0,宗教思想史II(1)A
0ABAAS1,宗教思想史II(1)B
0ABAAS2,宗教思想史II(2)A
0ABAAS3,宗教思想史II(2)B
0ABAAS4,宗教思想史II演習(1)A
0ABAAS5,宗教思想史II演習(1)B
0ABAAS6,宗教思想史II演習(2)A
0ABAAS7,宗教思想史II演習(2)B
0ABAAT0,宗教思想史III(1)A
0ABAAT1,宗教思想史III(1)B
0ABAAT2,宗教思想史III(2)A
0ABAAT3,宗教思想史III(2)B
0ABAAV4,宗教哲学演習(1)A
0ABAAV5,宗教哲学演習(1)B
0ABAAV6,宗教哲学演習(2)A
0ABAAV7,宗教哲学演習(2)B
0ABAAZC,哲学・思想修士論文執筆演習A
0ABAAZD,哲学・思想修士論文執筆演習B
0ABACA0,日本史特講IA
0ABACA1,日本史特講IB
0ABACA2,日本史特講IIA
0ABACA3,日本史特講IIB
0ABACA4,日本史特講IIIA
0ABACA5,日本史特講IIIB
0ABACA6,日本史特講IVA
0ABACA7,日本史特講IVB
0ABACA8,日本史特講VA
0ABACA9,日本史特講VB
0ABACB0,日本史演習IA
0ABACB1,日本史演習IB
0ABACB2,日本史演習IIA
0ABACB3,日本史演習IIB
0ABACB4,日本史演習IIIA
0ABACB5,日本史演習IIIB
0ABACB6,日本史演習IVA
0ABACB7,日本史演習IVB
0ABACB8,日本史基礎実習
0ABACB9,日本史研究法実習
0ABACD0,東洋社会文化史IA
0ABACD1,東洋社会文化史IB
0ABACD2,東洋社会文化史IIA
0ABACD3,東洋社会文化史IIB
0ABACD4,東洋政治経済史IA
0ABACD5,東洋政治経済史IB
0ABACD6,東洋政治経済史IIA
0ABACD7,東洋政治経済史IIB
0ABACD8,東洋史史料研究IA
0ABACD9,東洋史史料研究IB
0ABACE0,東洋史史料研究IIA
0ABACE1,東洋史史料研究IIB
0ABACE2,東洋民族社会史IA
0ABACE3,東洋民族社会史IB
0ABACE4,東洋民族社会史IIA
0ABACE5,東洋民族社会史IIB
0ABACF0,古代西アジア史研究特講IA
0ABACF1,古代西アジア史研究特講IB
0ABACF2,古代西アジア史研究特講IIA
0ABACF3,古代西アジア史研究特講IIB
0ABACF4,ヨーロッパ・アメリカ史研究特講IA
0ABACF5,ヨーロッパ・アメリカ史研究特講IB
0ABACF6,ヨーロッパ・アメリカ史研究特講IIA
0ABACF7,ヨーロッパ・アメリカ史研究特講IIB
0ABACF8,ヨーロッパ・アメリカ史研究特講IIIA
0ABACF9,ヨーロッパ・アメリカ史研究特講IIIB
0ABACG0,古代西アジア史演習IA
0ABACG1,古代西アジア史演習IB
0ABACG2,古代西アジア史演習IIA
0ABACG3,古代西アジア史演習IIB
0ABACG4,ヨーロッパ・アメリカ史演習IA
0ABACG5,ヨーロッパ・アメリカ史演習IB
0ABACG6,ヨーロッパ・アメリカ史演習IIA
0ABACG7,ヨーロッパ・アメリカ史演習IIB
0ABACG8,ヨーロッパ・アメリカ史演習IIIA
0ABACG9,ヨーロッパ・アメリカ史演習IIIB
0ABACH0,歴史地理学特講A
0ABACH1,歴史地理学特講B
0ABACH2,歴史地理学演習A
0ABACH3,歴史地理学演習B
0ABACH4,歴史地理学実習IA
0ABACH5,歴史地理学実習IB
0ABACH6,歴史地理学実習IIA
0ABACH7,歴史地理学実習IIB
0ABACJ0,先史学・考古学研究IA
0ABACJ1,先史学・考古学研究IB
0ABACJ2,先史学・考古学研究IIA
0ABACJ3,先史学・考古学研究IIB
0ABACJ4,先史学・考古学研究IIIA
0ABACJ5,先史学・考古学研究IIIB
0ABACJ6,先史学・考古学研究IVA
0ABACJ7,先史学・考古学研究IVB
0ABACJ8,先史学・考古学研究VA
0ABACJ9,先史学・考古学研究VB
0ABACK0,先史学・考古学研究VIA
0ABACK1,先史学・考古学研究VIB
0ABACK2,先史学・考古学基礎実習
0ABACK3,先史学・考古学研究VIIA
0ABACK4,先史学・考古学研究VIIB
0ABACK5,先史学・考古学研究VIIIA
0ABACK6,先史学・考古学研究VIIIB
0ABACL0,民俗学特講IA
0ABACL1,民俗学特講IB
0ABACL2,民俗学特講IIA
0ABACL3,民俗学特講IIB
0ABACL4,民俗学特講IIIA
0ABACL5,民俗学特講IIIB
0ABACL6,民俗学演習IA
0ABACL7,民俗学演習IB
0ABACL8,民俗学演習IIA
0ABACL9,民俗学演習IIB
0ABACM0,民俗学演習IIIA
0ABACM1,民俗学演習IIIB
0ABACM2,文化人類学特講IA
0ABACM3,文化人類学特講IB
0ABACM4,文化人類学特講IIA
0ABACM5,文化人類学特講IIB
0ABACM6,文化人類学演習IA
0ABACM7,文化人類学演習IB
0ABACM8,文化人類学演習IIA
0ABACM9,文化人類学演習IIB
0ABACN0,民俗学・文化人類学実習A
0ABACN1,民俗学・文化人類学実習B
0ABACP0,修士論文演習A
0ABACP1,修士論文演習B
0ABAE01,文学批評研究(1A)
0ABAE02,文学批評研究(1B)
0ABAE03,文学批評研究(2A)
0ABAE04,文学批評研究(2B)
0ABAE05,文学研究発表演習A
0ABAE06,文学研究発表演習B
0ABAE07,文学理論研究(1A)
0ABAE08,文学理論研究(1B)
0ABAE09,文学理論研究(2A)
0ABAE11,文学理論研究(2B)
0ABAE12,文学交流論演習(1A)
0ABAE13,文学交流論演習(1B)
0ABAE14,文学交流論演習(2A)
0ABAE15,文学交流論演習(2B)
0ABAE16,比較文学研究(1A)
0ABAE17,比較文学研究(1B)
0ABAE18,比較文学研究(2A)
0ABAE19,比較文学研究(2B)
0ABAE21,古典古代学研究(1A)
0ABAE22,古典古代学研究(1B)
0ABAE23,古典古代学研究(2A)
0ABAE24,古典古代学研究(2B)
0ABAE25,古典古代学演習(1A)
0ABAE26,古典古代学演習(1B)
0ABAE27,古典古代学演習(2A)
0ABAE28,古典古代学演習(2B)
0ABAE29,和漢比較文学研究(1A)
0ABAE31,和漢比較文学研究(1B)
0ABAE32,和漢比較文学研究(2A)
0ABAE33,和漢比較文学研究(2B)
0ABAE34,日本古典文学研究(1A)
0ABAE35,日本古典文学研究(1B)
0ABAE36,日本古典文学研究(2A)
0ABAE37,日本古典文学研究(2B)
0ABAE38,日本近代文学研究(1A)
0ABAE39,日本近代文学研究(1B)
0ABAE41,日本近代文学研究(2A)
0ABAE42,日本近代文学研究(2B)
0ABAE43,イギリス文学研究(1A)
0ABAE44,イギリス文学研究(1B)
0ABAE45,イギリス文学研究(2A)
0ABAE46,イギリス文学研究(2B)
0ABAE47,英語圏文学文化研究(1A)
0ABAE48,英語圏文学文化研究(1B)
0ABAE49,英語圏文学文化研究(2A)
0ABAE51,英語圏文学文化研究(2B)
0ABAE52,フランス文学研究(1A)
0ABAE53,フランス文学研究(1B)
0ABAE54,フランス文学研究(2A)
0ABAE55,フランス文学研究(2B)
0ABAE56,フランス文学演習(1A)
0ABAE57,フランス文学演習(1B)
0ABAE58,フランス文学演習(2A)
0ABAE59,フランス文学演習(2B)
0ABAE61,Transnational Literature (1)
0ABAE62,Applied Humanities (1)
0ABAE63,Transnational Literature (2)
0ABAE64,Applied Humanities (2)
0ABAE65,中国文学研究(1A)
0ABAE66,中国文学研究(1B)
0ABAE67,中国文学研究(2A)
0ABAE68,中国文学研究(2B)
0ABAE91,文学研究演習A
0ABAE92,文学研究演習B
0ABAE97,海外研究実習
0ABAG10,歴史言語学A
0ABAG11,歴史言語学B
0ABAG12,生成統語論A
0ABAG13,生成統語論B
0ABAG14,認知意味論A
0ABAG15,認知意味論B
0ABAG16,対照言語学A
0ABAG17,対照言語学B
0ABAG20,音韻論A
0ABAG21,音韻論B
0ABAG22,形態論A
0ABAG23,形態論B
0ABAG24,音声学A
0ABAG25,音声学B
0ABAG30,日本語文法論IA
0ABAG31,日本語文法論IB
0ABAG32,日本語文法論IIA
0ABAG33,日本語文法論IIB
0ABAG36,日本語意味論A
0ABAG37,日本語意味論B
0ABAG40,日本語談話論A
0ABAG41,日本語談話論B
0ABAG44,古典日本語学A
0ABAG45,古典日本語学B
0ABAG50,英語統語論A
0ABAG51,英語統語論B
0ABAG54,英語意味論A
0ABAG55,英語意味論B
0ABAG66,ドイツ語学A
0ABAG67,ドイツ語学B
0ABAG70,中国語学A
0ABAG71,中国語学B
0ABAG76,韓国語学A
0ABAG77,韓国語学B
0ABAG80,言語政策論A
0ABAG81,言語政策論B
0ABAG84,国語教育学A
0ABAG85,国語教育学B
0ABAG90,日本語教育学IA
0ABAG91,日本語教育学IB
0ABAG92,日本語教育学IIA
0ABAG93,日本語教育学IIB
0ABAG96,外国語教育学A
0ABAG97,外国語教育学B
0ABAGA0,言語情報論A
0ABAGA1,言語情報論B
0ABAGX0,プロジェクト演習(1A)
0ABAGX1,プロジェクト演習(1B)
0ABAGX2,プロジェクト演習(2A)
0ABAGX3,プロジェクト演習(2B)
0ABAGY0,プロジェクト実習(1A)
0ABAGY1,プロジェクト実習(1B)
0ABAGY2,プロジェクト実習(2A)
0ABAGY3,プロジェクト実習(2B)
0ABAJA1,ヨーロッパ文化学IA
0ABAJA3,ヨーロッパ文化学IB
0ABAJA5,ヨーロッパ文化学IIA
0ABAJA7,ヨーロッパ文化学IIB
0ABAJB1,文化現象学IA
0ABAJB3,文化現象学IB
0ABAJB5,文化現象学IIA
0ABAJB7,文化現象学IIB
0ABAJC1,文化構造学I
0ABAJC3,文化構造学II
0ABAJD1,文化動態学IA
0ABAJD3,文化動態学IB
0ABAJD5,文化動態学IIA
0ABAJD7,文化動態学IIB
0ABAJE1,文化差異学IA
0ABAJE3,文化差異学IB
0ABAJE5,文化差異学IIA
0ABAJE7,文化差異学IIB
0ABAJF1,文化批評学I
0ABAJF3,文化批評学II
0ABAJG1,文化生成学IA
0ABAJG3,文化生成学IB
0ABAJG5,文化生成学IIA
0ABAJG7,文化生成学IIB
0ABAJH1,感性文化学IA
0ABAJH3,感性文化学IB
0ABAJH5,感性文化学IIA
0ABAJH7,感性文化学IIB
0ABAJJ1,文化横断学IA
0ABAJJ3,文化横断学IB
0ABAJJ5,文化横断学IIA
0ABAJJ7,文化横断学IIB
0ABAJK1,芸術文化学I
0ABAJK3,芸術文化学II
0ABAJL1,イメージ文化学IA
0ABAJL3,イメージ文化学IIA
0ABAJL5,イメージ文化学IIA
0ABAJL7,イメージ文化学IIB
0ABALA1,英語教育学IA
0ABALA2,英語教育学IB
0ABALA3,英語教育学IIA
0ABALA4,英語教育学IIB
0ABALB1,英語教育学IIIA
0ABALB2,英語教育学IIIB
0ABALB3,英語教育学IVA
0ABALB4,英語教育学IVB
0ABALC1,英語教育学VA
0ABALC2,英語教育学VB
0ABALC3,英語教育学VIA
0ABALC4,英語教育学VIB
0ABALD1,英語教育学VIIA
0ABALD2,英語教育学VIIB
0ABALD3,英語教育学VIIIA
0ABALD4,英語教育学VIIIB
0ABALE1,英語教育学IXA
0ABALE2,英語教育学IXB
0ABALE3,英語教育学XA
0ABALE4,英語教育学XB
0ABALF1,英語教育学XIA
0ABALF2,英語教育学XIB
0ABALF3,英語教育学XIIA
0ABALF4,英語教育学XIIB
0ABALH1,英文法研究I
0ABALH2,英文法研究II
0ABALJ1,英語圏の文化・文学I
0ABALJ2,英語圏の文化・文学II
0ABALL1,英語教育学演習I
0ABALL2,英語教育学演習II
0ABALM1,英語教育学演習III
0ABALM2,英語教育学演習IV
0ABALN1,英語教育学演習V
0ABALN2,英語教育学演習VI
0ABALO1,英語教育学演習VII
0ABALO2,英語教育学演習VIII
0ABALP1,英語教育学演習IX
0ABALP2,英語教育学演習X
0ABALQ1,英語教育学演習XI
0ABALQ2,英語教育学演習XII
0ABALS1,英語教育学研究IA
0ABALS2,英語教育学研究IB
0ABALT1,英語教育学研究IIA
0ABALT2,英語教育学研究IIB
0ABALU1,英語教育学研究IIIA
0ABALU2,英語教育学研究IIIB
0ABALV1,英語教育学研究IVA
0ABALV2,英語教育学研究IVB
0ABALX1,英語教育学論文演習I
0ABALX2,英語教育学論文演習II
0ABALZ1,英語教育学プロジェクト演習 IA
0ABALZ2,英語教育学プロジェクト演習 IB
0ABALZ3,英語教育学プロジェクト演習 IIA
0ABALZ4,英語教育学プロジェクト演習 IIB
0ABC000,社会学基礎理論A
0ABC001,社会学基礎理論B
0ABC002,国際関係論A
0ABC003,国際関係論B
0ABC004,公共政策論A
0ABC005,社会開発論
0ABC006,政策評価分析
0ABC007,計量経済学I
0ABC008,計量経済学II
0ABC100,現代政策過程分析A
0ABC101,現代政策過程分析B
0ABC102,比較政治学A
0ABC103,比較政治学B
0ABC104,国際政治理論A
0ABC105,国際政治理論B
0ABC106,国際政治史A
0ABC107,国際政治史B
0ABC108,国際安全保障論A
0ABC109,国際安全保障論B
0ABC110,ヨーロッパ国際関係論A
0ABC111,ヨーロッパ国際関係論B
0ABC112,ロシア・東欧の国際関係A
0ABC113,ロシア・東欧の国際関係B
0ABC114,東アジア政治外交A
0ABC115,東アジア政治外交B
0ABC116,国際法A
0ABC117,国際法B
0ABC118,国際文化論A
0ABC119,国際文化論B
0ABC120,開発人類学A
0ABC121,開発人類学B
0ABC122,文化変動論A
0ABC123,文化変動論B
0ABC124,国際機構論
0ABC125,政治哲学
0ABC126,環境社会論A
0ABC200,社会意識論A
0ABC201,社会意識論B
0ABC202,医療社会学A
0ABC203,医療社会学B
0ABC204,社会病理学
0ABC205,社会問題論
0ABC206,歴史社会学
0ABC207,文化社会学
0ABC208,都市社会学
0ABC209,地域社会学
0ABC210,社会階層論A
0ABC211,社会階層論B
0ABC212,国際社会政策論A
0ABC213,国際社会政策論B
0ABC214,教育社会学
0ABC215,ジェンダー社会論
0ABC216,社会調査方法論A
0ABC217,社会調査方法論B
0ABC300,地域調査法I
0ABC301,地域調査法II
0ABC302,東南アジア・オセアニア研究概論
0ABC303,東南アジア・オセアニア人文地理学研究A
0ABC304,東南アジア・オセアニア人文地理学研究B
0ABC305,東南アジア・オセアニア政治研究A
0ABC306,東南アジア・オセアニア政治研究B
0ABC307,東南アジア・オセアニア経済研究A
0ABC308,東南アジア・オセアニア経済研究B
0ABC309,中央ユーラシア文化社会研究A
0ABC310,中央ユーラシア文化社会研究B
0ABC311,中東・北アフリカ研究概論
0ABC312,中東・北アフリカ思想宗教研究
0ABC313,ヨーロッパ人文地理学研究
0ABC314,ヨーロッパ思想宗教研究
0ABC315,ヨーロッパ研究特講A
0ABC316,ヨーロッパ研究特講B
0ABC317,ヨーロッパ研究特講C
0ABC318,ラテン・アメリカ研究概論
0ABC319,ラテン・アメリカ経済研究
0ABC320,朝鮮語文化研究
0ABC321,ロシア語文化研究
0ABC322,スペイン語文献研究I
0ABC323,スペイン語文献研究II
0ABC324,東南アジア・オセアニア比較政治研究A
0ABC325,東南アジア・オセアニア比較政治研究B
0ABC326,中央ユーラシア研究特講A
0ABC327,中央ユーラシア研究特講B
0ABC400,公共政策論B
0ABC401,国際社会と法
0ABC402,国際貿易論
0ABC403,公共経済学
0ABC404,ミクロ経済学
0ABC405,開発経済学I
0ABC406,開発経済学II
0ABC407,国際金融と政策
0ABC408,経済開発論
0ABC409,グローバル・ガバナンス論
0ABC410,公共経営論A
0ABC411,公共経営論B
0ABC412,公共哲学
0ABC413,比較刑法A
0ABC414,比較刑法B
0ABC415,労働経済学
0ABC500,国際公共政策リサーチワークショップA
0ABC501,国際公共政策リサーチワークショップB
0ABC502,国際公共政策リサーチワークショップB
0ABC600,日本政治論演習A
0ABC601,日本政治論演習B
0ABC602,比較政治学演習A
0ABC603,比較政治学演習B
0ABC604,国際政治理論演習A
0ABC605,国際政治理論演習B
0ABC606,国際政治史演習A
0ABC607,国際政治史演習B
0ABC608,国際安全保障論演習A
0ABC609,国際安全保障論演習B
0ABC610,ヨーロッパ国際関係論演習A
0ABC611,ヨーロッパ国際関係論演習B
0ABC612,ロシア・東欧の国際関係演習A
0ABC613,ロシア・東欧の国際関係演習B
0ABC614,東アジア政治外交演習A
0ABC615,東アジア政治外交演習B
0ABC616,国際法演習A
0ABC617,国際法演習B
0ABC618,国際文化論演習A
0ABC619,国際文化論演習B
0ABC620,開発人類学演習A
0ABC621,開発人類学演習B
0ABC622,文化変動論演習A
0ABC623,文化変動論演習B
0ABC624,政策評価分析演習A
0ABC625,政策評価分析演習B
0ABC626,国際機構論演習
0ABC627,政治哲学演習
0ABC628,環境社会論演習A
0ABC700,社会意識論演習A
0ABC701,社会意識論演習B
0ABC702,医療社会学演習A
0ABC703,医療社会学演習B
0ABC704,社会病理学演習
0ABC705,社会問題論演習
0ABC706,歴史社会学演習
0ABC707,文化社会学演習
0ABC708,都市社会学演習
0ABC709,地域社会学演習
0ABC710,社会階層論演習A
0ABC711,社会階層論演習B
0ABC712,国際社会政策論演習A
0ABC713,国際社会政策論演習B
0ABC714,教育社会学演習
0ABC715,ジェンダー社会論演習
0ABC716,社会調査方法論演習A
0ABC717,社会調査方法論演習B
0ABC800,東南アジア・オセアニア研究演習AI
0ABC801,東南アジア・オセアニア研究演習AII
0ABC802,東南アジア・オセアニア研究演習BI
0ABC803,東南アジア・オセアニア研究演習BII
0ABC804,中央ユーラシア研究演習AI
0ABC805,中央ユーラシア研究演習AII
0ABC806,中央ユーラシア研究演習BI
0ABC807,中央ユーラシア研究演習BII
0ABC808,中東・北アフリカ研究演習AI
0ABC809,中東・北アフリカ研究演習AII
0ABC810,中東・北アフリカ研究演習BI
0ABC811,中東・北アフリカ研究演習BII
0ABC812,ヨーロッパ研究演習AI
0ABC813,ヨーロッパ研究演習AII
0ABC814,ヨーロッパ研究演習BI
0ABC815,ヨーロッパ研究演習BII
0ABC816,ラテン・アメリカ研究演習AI
0ABC817,ラテン・アメリカ研究演習AII
0ABC818,ラテン・アメリカ研究演習BI
0ABC819,ラテン・アメリカ研究演習BII
0ABC820,国際協力研究インターンシップI
0ABC821,国際協力研究インターンシップII(SEND活動)
0ABC822,国際協力研究インターンシップIII
0ABC825,中央ユーラシア研究演習(SPJES)I
0ABC826,中央ユーラシア研究演習(SPJES)II
0ABC827,中央ユーラシア研究演習(SPJES)III
0ABC900,経済学セミナーI
0ABC901,経済学セミナーII
0ABC902,経済学セミナーIII
0ABC903,公共政策セミナーI
0ABC904,公共政策セミナーII
0ABC905,公共政策セミナーIII
0ABC906,インターンシップI
0ABC907,インターンシップII
0ABC908,現地調査プロジェクト演習
0ABC920,グローバル・ガバナンス論演習
0ABC921,公共政策論演習A
0ABC922,公共政策論演習B
0ABC923,公共哲学演習
0ABC924,比較刑法演習A
0ABC925,比較刑法演習B
0ABE001,国際日本研究のための日本語
0ABE002,国際日本研究のための英語
0ABE003,複合研究基礎論
0ABE019,東アジアの思想と文化1
0ABE020,比較文学論1A
0ABE021,比較文学論1B
0ABE022,日本の文化と文芸1A
0ABE023,日本の文化と文芸1B
0ABE024,世界の文学・文化と日本1A
0ABE025,世界の文学・文化と日本1B
0ABE030,メディア研究1
0ABE031,メディア思想と日本社会1
0ABE032,比較メディア思想1
0ABE033,日本語相互行為分析1
0ABE034,日常会話のエスノグラフィー1
0ABE035,表象メディア論1A
0ABE036,表象メディア論1B
0ABE042,比較政治1
0ABE043,Comparative Politics 1
0ABE044,日本の対外関係1
0ABE045,Foreign Relations of Japan 1
0ABE046,International Relations 1A
0ABE047,International Relations 1B
0ABE050,比較歴史教育1
0ABE051,Comparative History Education 1
0ABE052,計量分析1A
0ABE053,計量分析1B
0ABE060,応用ミクロ経済学1
0ABE061,Applied Microeconomics 1
0ABE064,金融1
0ABE065,日本経済発展論
0ABE066,世界経済史1
0ABE067,Comparative Labor Studies 1
0ABE068,地域経済・経営史1A
0ABE069,地域経済・経営史1B
0ABE070,Media Research 1
0ABE071,移民研究・国際人口移動論1
0ABE072,Migration and Multicultural Studies 1
0ABE073,法と市民社会1A
0ABE074,法と市民社会1B
0ABE075,法と現代社会1A
0ABE076,法と現代社会1B
0ABE080,日本語会話教育法
0ABE082,応用会話分析研究
0ABE083,日本語教育と社会言語学
0ABE084,日本語教育原論
0ABE085,日本語教育評価法
0ABE087,日本語教育のための文法研究
0ABE088,日本語教育とデータ分析
0ABE100,リサーチ・プログラム開発基礎1
0ABE101,リサーチ・プログラム開発基礎2
0ABE300,リサーチ・プログラム開発1
0ABE301,リサーチ・プログラム開発2
0ABE302,リサーチ・プログラム開発3
0ABE303,リサーチ・プログラム開発4
0ABE310,日本社会と家1
0ABE311,韓国社会と家1
0ABE314,日本古典文化と身体1
0ABE315,アイドルと社会経済
0ABE316,翻訳からみた日本と東アジアの文化1
0ABE320,東アジアの思想と文化2
0ABE321,日本文化と経済思想1
0ABE322,比較文学論2A
0ABE323,比較文学論2B
0ABE324,日本の文化と文芸2A
0ABE325,日本の文化と文芸2B
0ABE326,世界の文学・文化と日本2A
0ABE327,世界の文学・文化と日本2B
0ABE330,メディア研究2
0ABE331,メディア思想と日本社会2
0ABE332,比較メディア思想2
0ABE333,日本語相互行為分析2
0ABE334,日常会話のエスノグラフィー2
0ABE335,表象メディア論2A
0ABE336,表象メディア論2B
0ABE340,日本政治と市民社会2
0ABE341,Japan's Politics and Civil Society 2
0ABE342,比較政治2
0ABE343,Comparative Politics 2
0ABE344,日本の対外関係2
0ABE345,Foreign Relations of Japan 2
0ABE346,International Relations 2A
0ABE347,International Relations 2B
0ABE350,比較歴史教育2
0ABE351,Comparative History Education 2
0ABE352,計量分析2A
0ABE353,計量分析2B
0ABE360,応用ゲーム理論1
0ABE361,Applied Game Theory 1
0ABE362,環境とマクロ経済学2
0ABE363,The Environment and Macroeconomics 2
0ABE364,金融2
0ABE365,世界経済史2
0ABE366,Comparative Labor Studies 2
0ABE367,地域経済・経営史2A
0ABE368,地域経済・経営史2B
0ABE370,Media Research 2
0ABE371,移民研究・国際人口移動論2
0ABE372,Migration and Multicultural Studies 2
0ABE373,法と市民社会2A
0ABE374,法と市民社会2B
0ABE375,法と現代社会2A
0ABE376,法と現代社会2B
0ABE380,日本語教育研究概論
0ABE381,日本語語用論研究
0ABE382,ICTと日本語教育研究
0ABE383,日本語教育実践研究1
0ABE384,日本語教育実践研究2
0ABE385,日本語教育実践研究3
0ABE386,日本語教育のための音声学・音韻論
0ABE460,ゲーム理論の基礎1
0ABE461,Foundation of Game Theory 1
0ABE800,プロジェクト演習1A
0ABE801,プロジェクト演習1B
0ABE802,プロジェクト演習2A
0ABE803,プロジェクト演習2B
0ABE804,プロジェクト演習2C
0ABE805,プロジェクト演習2D
0AD0101,コーポレートガバナンス
0AD0102,コーポレート・ファイナンス
0AD5001,経営基礎
0AD5002,会計基礎
0ADL001,企業法学特別研究I
0ADL002,企業法学特別研究II
0ADL003,企業法学特別研究III
0ADL004,企業法学特別研究IV
0ADL005,企業法学特別研究V
0ADL006,企業法学特別研究VI
0ADL007,現代民法の基礎
0ADL008,現代商法の基礎
0ADL009,損害賠償法
0ADL010,社会保障法演習
0ADL011,金融商品取引法演習
0ADL012,担保法演習
0ADL013,知的財産法判例演習I
0ADL014,知的財産法判例演習II
0ADL015,国際私法演習
0ADL016,労働法演習I
0ADL017,労働法演習II
0ADL018,知的財産法演習
0ADL019,契約法・損害賠償法演習
0ADL020,アメリカ取引法文献講読
0ADL021,民事手続法演習I
0ADL022,民事手続法演習II
0ADL023,租税計画演習
0ADL024,会社法演習
0ADL030,法と経済学
0ADL031,個人情報保護法
0ADL033,憲法
0ADL034,行政法
0ADL041,コーポレートガバナンス演習
0ADL201,契約法I
0ADL202,契約法II
0ADL203,消費者取引と法
0ADL204,不動産法
0ADL205,担保法I
0ADL206,担保法II
0ADL207,債権保全・回収法
0ADL208,会社法
0ADL209,企業会計法
0ADL210,金融商品取引法
0ADL211,民事訴訟法
0ADL212,上級民事訴訟法
0ADL213,民事執行・民事保全法
0ADL214,倒産処理法
0ADL215,商事法研究I
0ADL216,商事法研究II
0ADL217,支払決済法
0ADL218,民事法研究I
0ADL219,民事法研究II
0ADL220,相続法
0ADL221,信託法
0ADL222,M＆A法
0ADL224,金融法
0ADL225,保険法
0ADL226,事業承継法
0ADL301,国際私法
0ADL302,国際取引法
0ADL303,国際経済法
0ADL304,ヨーロッパ契約法
0ADL306,外国競争法
0ADL401,著作権法I
0ADL402,著作権法II
0ADL403,特許法I
0ADL404,特許法II
0ADL405,不正競争防止法
0ADL406,商標法
0ADL407,デザイン法
0ADL408,国際知的財産法
0ADL501,労働判例研究I
0ADL502,労働判例研究II
0ADL503,労働関係法
0ADL504,社会保障法
0ADL505,独占禁止法
0ADL506,企業の組織・活動と労働法
0ADL507,社会保障法の現代的課題
0ADL508,独占禁止法II
0ADL601,実務租税法学
0ADL602,租税法研究I
0ADL603,租税法研究��
0ADL604,租税手続法
0ADL605,租税計画I
0ADL606,国際課税法I
0ADL607,国際課税法II
0ADL608,租税争訟法
0ADL609,国際課税法III
0ADL614,相続税法
0ADM001,ビジネス数理
0ADM002,ビジネスと情報
0ADM003,プログラミング基礎
0ADM101,経営戦略論
0ADM102,経営組織論
0ADM103,技術経営論
0ADM104,組織変革
0ADM105,消費者行動
0ADM106,マーケティングリサーチ
0ADM107,マーケティングサイエンス
0ADM108,環境マーケティング
0ADM109,マーケティングエンジニアリング
0ADM110,インベストメントサイエンス
0ADM111,ファイナンス工学
0ADM112,財務会計
0ADM113,会計情報分析
0ADM114,データ解析I
0ADM115,データ解析II
0ADM116,応用統計
0ADM117,共分散構造分析
0ADM118,計量経済学
0ADM119,時系列分析
0ADM120,最適化モデル
0ADM121,ロジスティクスとサプライチェーン
0ADM122,オペレーションズ・リサーチ
0ADM123,人工知能とビジネス情報分析
0ADM124,データマイニング
0ADM125,インターネットとビジネス情報分析
0ADM126,テキストマイニング
0ADM127,社会シミュレーション
0ADM128,ビジネスゲーム
0ADM129,管理会計
0ADM130,事例研究法
0ADM131,知識・情報技術総論
0ADM132,コーポレートファイナンス論
0ADM133,計算社会科学
0ADM134,サービスマーケティング
0ADM201,経営システム科学研究・I-I
0ADM202,経営システム科学研究・I-II
0ADM203,経営システム科学研究・I-III
0ADM204,経営システム科学研究・II-I
0ADM205,経営システム科学研究・II-II
0ADM206,経営システム科学研究・II-III
0ADM211,経営システム科学特別研究・I-I
0ADM212,経営システム科学特別研究・I-II
0ADM213,経営システム科学特別研究・I-III
0AFL001,憲法I-A〔人権〕
0AFL003,憲法I-B〔人権〕
0AFL005,憲法II〔統治〕
0AFL007,行政法I
0AFL009,行政法II
0AFL011,民法I〔総則・物権総論〕
0AFL013,民法II〔担保物権〕
0AFL015,民法III〔債権総論〕
0AFL017,民法IV-1〔契約法〕
0AFL019,民法IV-2〔契約法〕
0AFL021,民法V〔不法行為・不当利得法〕
0AFL023,民法VI〔家族法〕
0AFL025,商法I〔企業組織法〕
0AFL027,商法II〔企業法総論・企業活動法〕
0AFL029,民事訴訟法I
0AFL031,刑法I〔総論〕
0AFL033,刑法II〔各論〕
0AFL035,刑事訴訟法I
0AFL051,基礎ゼミI
0AFL053,基礎ゼミII
0AFL101,憲法III〔憲法訴訟〕
0AFL103,行政法III
0AFL105,民法VII
0AFL107,商法III
0AFL109,民事訴訟法II
0AFL111,刑法III
0AFL113,刑事訴訟法II
0AFL115,憲法総合演習
0AFL117,行政法総合演習
0AFL119,民法総合演習
0AFL121,商法総合演習
0AFL123,民事訴訟法総合演習
0AFL125,民事法総合演習
0AFL127,刑法総合演習I
0AFL129,刑法総合演習II
0AFL131,刑事訴訟法総合演習
0AFL201,法曹実務基礎
0AFL203,法曹倫理I
0AFL205,法曹倫理II
0AFL211,民事訴訟実務の基礎I
0AFL213,刑事訴訟実務の基礎I
0AFL215,要件事実論I
0AFL217,要件事実論II
0AFL219,民事訴訟実務の基礎II
0AFL221,刑事訴訟実務の基礎II
0AFL231,民事模擬裁判
0AFL233,刑事模擬裁判
0AFL235,ロイヤリングI
0AFL237,ロイヤリングII
0AFL239,リーガルクリニック
0AFL301,法哲学
0AFL303,英米法
0AFL305,EU法
0AFL307,法史学
0AFL309,公共政策
0AFL311,立法学
0AFL313,刑事政策
0AFL401,知的財産法
0AFL403,倒産法
0AFL405,国際取引法
0AFL407,国際私法
0AFL408,国際私法(続)
0AFL409,経済法
0AFL411,租税法
0AFL413,労働法
0AFL414,労働法(続)
0AFL415,環境法
0AFL417,金融法〔金融監督法・金融取引法〕
0AFL419,国際公法
0AFL421,地方自治
0AFL423,金融商品取引法
0AFL425,消費者法
0AFL427,倒産法演習
0AFL428,倒産法演習(続)
0AFL429,経済法演習
0AFL431,労働法演習
0AFL432,労働法演習(続)
0AFL433,知的財産法演習
0AFL434,知的財産法演習(続)
0AFL435,英文法律文書作成
0AFL437,企業法務
0AFL439,少年法
0AFL441,自治体法務
0AFL443,民事執行・保全法
0AFL445,国際私法演習
0AFL446,国際私法演習(続)
0AFL447,環境法演習
0AFM001,Organizational Management I: Organizational Behavior
0AFM002,Human Resource Management I: Human Resource Management
0AFM003,Marketing I: Marketing Management
0AFM004,Business Strategy I: Business Strategy
0AFM005,Finance I: Corporate Finance
0AFM006,Accounting I: Basic Accounting Theory
0AFM007,Global Management I: International Relations and Economics
0AFM008,Operations Management I: Operations Management
0AFM101,Business Mathematics
0AFM102,Introduction to Economics I
0AFM201,Organizational Management II: Professional Manager
0AFM202,Human Resource Management III: Global Business and International Human Resource Management
0AFM203,Business Anthropology
0AFM204,Human Resource Management II: Stress Management
0AFM205,Executive Soft Power for Global Business Management
0AFM206,Leadership and Interpersonal Dynamics
0AFM207,Corporate Philosophy in Global Organizations
0AFM208,Global Skills I: Coaching to Grow People
0AFM209,Corporate Management
0AFM304,Introduction to Economics II
0AFM305,Finance II: Valuation
0AFM306,Accounting II: Financial Analysis
0AFM307,Accounting III: Managerial Accounting
0AFM309,Marketing II: Market Research - Cases and Application
0AFM310,Marketing III: Branding
0AFM311,Entrepreneurship I: Entrepreneurship
0AFM312,Entrepreneurship II: Demand Chain and Innovation
0AFM313,Technology Management
0AFM314,Finance Seminar I
0AFM315,Business Model Innovation
0AFM316,Finance III: Derivatives
0AFM317,Finance Seminar II
0AFM319,"Law, Public Policy and Business Strategy regarding Cultural and Creative Industries"
0AFM320,Accounting IV: Empirical Accounting Research
0AFM322,Digital Marketing
0AFM323,Finance Seminar III
0AFM324,Business Ethics Seminar I
0AFM325,Business Ethics Seminar II
0AFM326,Marketing Case Study Competition
0AFM401,Cross Cultural Management I: Managing Across Borders
0AFM402,Cross Cultural Management II: The Challenges of Globalization
0AFM403,Overseas Study Seminar I
0AFM404,Overseas Study Seminar II
0AFM405,Overseas Study Seminar III
0AFM406,Overseas Study Seminar IV
0AFM407,Global Management VII: Advanced International Political Economy
0AFM408,Global Management III: International Peace Operations
0AFM409,Global Knowledge II: International Relations
0AFM412,Overseas Business Studies I (Seminar)
0AFM413,Overseas Business Studies II (Field Work)
0AFM501,Data Analysis I: Introduction to Data Analysis
0AFM502,Introductory Data Analysis: Invitation to Quantitative Analysis
0AFM504,Data Analysis II: Principle of Quantitative Research
0AFM505,Data Analysis III: Data Mining
0AFM506,Operations Management II: Decision Analysis
0AFM507,Operations Management III: Risk Analysis
0AFM508,Operations Management IV: Project Management
0AFM509,Operations Management VI: Systems Design Theory
0AFM601,Introduction to Corporate Social Responsibility
0AFM602,MBA-IB Speaker Series I
0AFM603,International Conference Seminar I
0AFM604,International Conference Seminar II
0AFM605,Case Study Practice
0AFM606,Business Communication Skills I
0AFM608,Business Communication Skills II
0AFM612,MBA-IB Speaker Series III
0AFM701,Seminar I
0AFM702,Seminar II
0AFM703,Seminar III
0AFM704,Seminar IV
0AFM705,Seminar V
0AFM801,Business Project
0AH0101,化学物質の安全衛生管理
0AH0102,放射線科学―その基礎理論と応用―
0AH0103,宇宙の歴史
0AH0111,計測標準学
0AH0112,プレゼンテーション・科学英語技法
0AH0113,Science in Japan I
0AH0114,Science in Japan II
0AH0201,美しい国土づくりへの挑戦(I)
0AH0202,美しい国土づくりへの挑戦(II)
0AH0203,再生可能エネルギー工学
0AH0204,リスク・レジリエンス工学概論
0AH0205,ICT社会イノベーション特論
0AH0206,計算科学リテラシー
0AH0207,Computational Science Literacy
0AH0208,計算科学のための高性能並列計算技術(日本語)
0AH0209,High Performance Parallel Computing Technology for Computational Sciences
0AH0210,機械工作序論と実習
0AH0301,地球進化学概論
0AH0302,地球流体力学
0AH0303,環境放射能動態解析論
0AH0304,地理空間情報の世界
0AH0305,生物科学オムニバス特講
0AH0306,多様な生物の世界
0AH0307,生物の進化
0AH0308,生命を司る分子メカニズム
0AH0309,生命の基本単位
0AH0310,サイエンスコミュニケーション特講
0AH0311,生物資源科学研究法
0AH0312,国際生物資源科学研究法(Introduction to International Agro-Bioresources Sciences and Technology)
0AH0313,農林生物学特別講義I
0AH0314,農林社会経済学特別講義I
0AH0315,生物環境工学特別講義I
0AH0316,Introduction to Environmental Sciences
0AH0317,山岳教養論
0AH0318,Topics and Issues in Science Communication
0AJ0010,数理物質科学コロキュウム
0AJ1030,修了生によるオムニバス講座
0AJ1040,ナノテクキャリアアップ特論
0AJA011,代数学概論I
0AJA012,代数学概論II
0AJA021,幾何学概論I
0AJA022,幾何学概論II
0AJA031,解析学概論I
0AJA032,解析学概論II
0AJA041,情報数学概論I
0AJA042,情報数学概論II
0AJA051,数学インターンシップI
0AJA052,数学インターンシップII
0AJA060,数学フロンティア
0AJA0H0,数学セミナー
0AJAA01,代数学特論I
0AJAA02,代数学I
0AJAA03,代数学II
0AJAA11,代数学特別研究IA
0AJAA12,代数学特別研究IB
0AJAA21,代数学特別研究IIA
0AJAA22,代数学特別研究IIB
0AJAB01,幾何学特論I
0AJAB02,幾何学I
0AJAB03,幾何学II
0AJAB11,幾何学特別研究IA
0AJAB12,幾何学特別研究IB
0AJAB21,幾何学特別研究IIA
0AJAB22,幾何学特別研究IIB
0AJAC01,解析学特論I
0AJAC02,解析学I
0AJAC03,解析学II
0AJAC04,確率解析
0AJAC11,解析学特別研究IA
0AJAC12,解析学特別研究IB
0AJAC21,解析学特別研究IIA
0AJAC22,解析学特別研究IIB
0AJAD01,情報数学特論I
0AJAD02,数理論理学
0AJAD03,数理統計学
0AJAD04,計算機数学
0AJAD11,情報数学特別研究IA
0AJAD12,情報数学特別研究IB
0AJAD21,情報数学特別研究IIA
0AJAD22,情報数学特別研究IIB
0AJBA11,代数学特別研究IA
0AJBA12,代数学特別研究IB
0AJBA21,代数学特別研究IIA
0AJBA22,代数学特別研究IIB
0AJBB11,幾何学特別研究IA
0AJBB12,幾何学特別研究IB
0AJBB21,幾何学特別研究IIA
0AJBB22,幾何学特別研究IIB
0AJBC11,解析学特別研究IA
0AJBC12,解析学特別研究IB
0AJBC21,解析学特別研究IIA
0AJBC22,解析学特別研究IIB
0AJBD11,情報数学特別研究IA
0AJBD12,情報数学特別研究IB
0AJBD21,情報数学特別研究IIA
0AJBD22,情報数学特別研究IIB
0AJC001,物理学セミナー
0AJC011,共同研究I
0AJC012,共同研究II
0AJC021,場の理論I
0AJC022,場の理論II
0AJC026,統計力学
0AJC031,計算物理学
0AJC036,物理学実習I
0AJC037,物理学実習II
0AJC039,物質科学概論
0AJC041,素粒子物理学
0AJC043,宇宙物理学
0AJC045,原子核物理学I
0AJC046,原子核物理学II
0AJC051,物性物理学
0AJC056,プラズマ物理学
0AJC061,宇宙史セミナーI
0AJC062,宇宙史セミナーII
0AJCA01,物理学インターンシップI
0AJCA02,物理学インターンシップII
0AJCB01,素粒子論I
0AJCB02,素粒子論II
0AJCB06,素粒子論セミナーI
0AJCB07,素粒子論セミナーII
0AJCB08,素粒子論セミナーIII
0AJCB09,素粒子論セミナーIV
0AJCB11,高エネルギー物理学セミナーI
0AJCB12,高エネルギー物理学セミナーII
0AJCB13,高エネルギー物理学セミナーIII
0AJCB14,高エネルギー物理学セミナーIV
0AJCB21,素粒子論特別研究IA
0AJCB22,素粒子論特別研究IB
0AJCB23,素粒子論特別研究IIA
0AJCB24,素粒子論特別研究IIB
0AJCB31,素粒子実験特別研究IA
0AJCB32,素粒子実験特別研究IB
0AJCB33,素粒子実験特別研究IIA
0AJCB34,素粒子実験特別研究IIB
0AJCB40,素粒子論特講��
0AJCB41,素粒子論特講II
0AJCB42,素粒子実験特講��
0AJCC01,宇宙物理セミナーI
0AJCC02,宇宙物理セミナーII
0AJCC03,宇宙物理セミナーIII
0AJCC04,宇宙物理セミナーIV
0AJCC11,宇宙観測セミナーI
0AJCC12,宇宙観測セミナーII
0AJCC13,宇宙観測セミナーIII
0AJCC14,宇宙観測セミナーIV
0AJCC21,宇宙物理特別研究IA
0AJCC22,宇宙物理特別研究IB
0AJCC23,宇宙物理特別研究IIA
0AJCC24,宇宙物理特別研究IIB
0AJCC31,宇宙観測特別研究IA
0AJCC32,宇宙観測特別研究IB
0AJCC33,宇宙観測特別研究IIA
0AJCC34,宇宙観測特別研究IIB
0AJCC41,宇宙物理特講I
0AJCC43,宇宙観測特講��
0AJCD01,原子核理論I
0AJCD02,原子核理論II
0AJCD06,原子核理論セミナーI
0AJCD07,原子核理論セミナーII
0AJCD08,原子核理論セミナーIII
0AJCD09,原子核理論セミナーIV
0AJCD11,原子核実験物理学I
0AJCD12,原子核実験物理学II
0AJCD15,原子核物理特論
0AJCD16,原子核実験セミナーI
0AJCD17,原子核実験セミナーII
0AJCD18,原子核実験セミナーIII
0AJCD19,原子核実験セミナーIV
0AJCD21,原子核論特別研究IA
0AJCD22,原子核論特別研究IB
0AJCD23,原子核論特別研究IIA
0AJCD24,原子核論特別研究IIB
0AJCD31,原子核実験特別研究IA
0AJCD32,原子核実験特別研究IB
0AJCD33,原子核実験特別研究IIA
0AJCD34,原子核実験特別研究IIB
0AJCD40,原子核理論特講I
0AJCD41,原子核理論特講II
0AJCD43,原子核実験特講II
0AJCE01,物性理論I
0AJCE02,物性理論II
0AJCE03,物性理論III
0AJCE04,物性理論IV
0AJCE05,表面・ナノ構造物性特論
0AJCE06,低温物理学IA
0AJCE07,低温物理学IB
0AJCE08,低温物理学IIA
0AJCE09,低温物理学IIB
0AJCE10,強相関物性特論IA
0AJCE11,強相関物性特論IB
0AJCE12,強相関物性特論IIA
0AJCE13,強相関物性特論IIB
0AJCE14,磁性物理学A
0AJCE15,磁性物理学B
0AJCE16,半導体物理学特論IA
0AJCE17,半導体物理学特論IB
0AJCE18,半導体物理学特論IIA
0AJCE19,半導体物理学特論IIB
0AJCE20,物性理論セミナーI
0AJCE21,物性理論セミナーII
0AJCE22,物性理論セミナーIII
0AJCE23,物性理論セミナーIV
0AJCE24,物性実験セミナーI
0AJCE25,物性実験セミナーII
0AJCE26,物性実験セミナーIII
0AJCE27,物性実験セミナーIV
0AJCE28,構造科学特論IA
0AJCE29,構造科学特論IB
0AJCE30,構造科学特論IIA
0AJCE31,構造科学特論IIB
0AJCE41,物性理論特別研究IA
0AJCE42,物性理論特別研究IB
0AJCE43,物性理論特別研究IIA
0AJCE44,物性理論特別研究IIB
0AJCE51,物性実験特別研究IA
0AJCE52,物性実験特別研究IB
0AJCE53,物性実験特別研究IIA
0AJCE54,物性実験特別研究IIB
0AJCE61,物性理論特講II
0AJCE71,物性実験特講I
0AJCE72,物性実験特講II
0AJCF01,プラズマ物理学特論I
0AJCF02,プラズマ物理学特論II
0AJCF06,核融合特論
0AJCF07,プラズマ計測学特論
0AJCF11,プラズマセミナーI
0AJCF12,プラズマセミナーII
0AJCF13,プラズマセミナーIII
0AJCF14,プラズマセミナーIV
0AJCF21,プラズマ特別研究IA
0AJCF22,プラズマ特別研究IB
0AJCF23,プラズマ特別研究IIA
0AJCF24,プラズマ特別研究IIB
0AJCF41,プラズマ特講I
0AJCG01,宇宙史拠点実習I
0AJCG02,宇宙史拠点実習II
0AJCG21,宇宙史特別研究IA
0AJCG22,宇宙史特別研究IB
0AJCG23,宇宙史特別研究IIA
0AJCG24,宇宙史特別研究IIB
0AJCH01,加速器科学実習I
0AJCH02,加速器科学実習II
0AJCH11,加速器科学セミナーI
0AJCH12,加速器科学セミナーII
0AJCH21,加速器科学特別研究IA
0AJCH22,加速器科学特別研究IB
0AJCH23,加速器科学特別研究IIA
0AJCH24,加速器科学特別研究IIB
0AJCJ01,放射光物質科学概論
0AJCJ02,放射光物質科学特論I
0AJDB06,素粒子論セミナーI
0AJDB07,素粒子論セミナーII
0AJDB08,素粒子論セミナーIII
0AJDB09,素粒子論セミナーIV
0AJDB11,高エネルギー物理学セミナーI
0AJDB12,高エネルギー物理学セミナーII
0AJDB13,高エネルギー物理学セミナーIII
0AJDB14,高エネルギー物理学セミナーIV
0AJDB21,素粒子論特別研究IA
0AJDB22,素粒子論特別研究IB
0AJDB23,素粒子論特別研究IIA
0AJDB24,素粒子論特別研究IIB
0AJDB31,素粒子実験特別研究IA
0AJDB32,素粒子実験特別研究IB
0AJDB33,素粒子実験特別研究IIA
0AJDB34,素粒子実験特別研究IIB
0AJDC01,宇宙物理セミナーI
0AJDC02,宇宙物理セミナーII
0AJDC03,宇宙物理セミナーIII
0AJDC04,宇宙物理セミナーIV
0AJDC11,宇宙観測セミナーI
0AJDC12,宇宙観測セミナーII
0AJDC13,宇宙観測セミナーIII
0AJDC14,宇宙観測セミナーIV
0AJDC21,宇宙物理特別研究IA
0AJDC22,宇宙物理特別研究IB
0AJDC23,宇宙物理特別研究IIA
0AJDC24,宇宙物理特別研究IIB
0AJDC31,宇宙観測特別研究IA
0AJDC32,宇宙観測特別研究IB
0AJDC33,宇宙観測特別研究IIA
0AJDC34,宇宙観測特別研究IIB
0AJDD06,原子核理論セミナーI
0AJDD07,原子核理論セミナーII
0AJDD08,原子核理論セミナーIII
0AJDD09,原子核理論セミナーIV
0AJDD16,原子核実験セミナーI
0AJDD17,原子核実験セミナーII
0AJDD18,原子核実験セミナーIII
0AJDD19,原子核実験セミナーIV
0AJDD21,原子核論特別研究IA
0AJDD22,原子核論特別研究IB
0AJDD23,原子核論特別研究IIA
0AJDD24,原子核論特別研究IIB
0AJDD31,原子核実験特別研究IA
0AJDD32,原子核実験特別研究IB
0AJDD33,原子核実験特別研究IIA
0AJDD34,原子核実験特別研究IIB
0AJDE20,物性理論セミナーI
0AJDE21,物性理論セミナーII
0AJDE22,物性理論セミナーIII
0AJDE23,物性理論セミナーIV
0AJDE24,物性実験セミナーI
0AJDE25,物性実験セミナーII
0AJDE26,物性実験セミナーIII
0AJDE27,物性実験セミナーIV
0AJDE41,物性理論特別研究IA
0AJDE42,物性理論特別研究IB
0AJDE43,物性理論特別研究IIA
0AJDE44,物性理論特別研究IIB
0AJDE51,物性実験特別研究IA
0AJDE52,物性実験特別研究IB
0AJDE53,物性実験特別研究IIA
0AJDE54,物性実験特別研究IIB
0AJDF11,プラズマセミナーI
0AJDF12,プラズマセミナーII
0AJDF13,プラズマセミナーIII
0AJDF14,プラズマセミナーIV
0AJDF21,プラズマ特別研究IA
0AJDF22,プラズマ特別研究IB
0AJDF23,プラズマ特別研究IIA
0AJDF24,プラズマ特別研究IIB
0AJDG21,宇宙史特別研究IA
0AJDG22,宇宙史特別研究IB
0AJDG23,宇宙史特別研究IIA
0AJDG24,宇宙史特別研究IIB
0AJDH21,加速器科学特別研究IA
0AJDH22,加速器科学特別研究IB
0AJDH23,加速器科学特別研究IIA
0AJDH24,加速器科学特別研究IIB
0AJDJ12,放射光物質科学特論I
0AJE011,先端自然化学特論
0AJE012,先端分子化学特論
0AJE013,先端無機化学特論
0AJE014,先端有機化学特論
0AJE015,有機物理化学特論
0AJE016,有機合成化学特論
0AJE017,Organic Structural Chemistry I
0AJE018,Organic Structural Chemistry II
0AJEA01,化学セミナーI
0AJEB01,化学特別演習I
0AJEC01,化学インターンシップI
0AJEC02,化学インターンシップII
0AJEC10,化学特別講義I
0AJEC11,化学特別講義II
0AJEC12,化学特別講義III
0AJEC13,化学特別講義IV
0AJEC14,化学特別講義V
0AJEC15,化学特別講義VI
0AJEC16,化学特別講義VII
0AJEC17,化学特別講義VIII
0AJED01,錯体分子化学特論
0AJED02,放射化学特論
0AJED03,分子集合体化学特論
0AJED04,無機化学特論
0AJED05,物理化学特論
0AJED06,量子化学特論
0AJED07,生物無機化学特論
0AJED08,分析化学特論
0AJED09,固体化学特論
0AJED10,表面電気化学特論
0AJED11,有機エレクトロニクス化学特論
0AJED12,有機金属化学特論
0AJED13,光機能材料化学特論
0AJED14,機能性高分子ゲル化学特論
0AJED15,材料無機化学特論
0AJED16,構造有機化学特論
0AJED17,生物有機化学特論
0AJED18,機能性高分子化学特論
0AJED19,製薬科学特論
0AJED20,材料有機化学特論
0AJED21,構造生物化学特論
0AJED22,企業研究者概論
0AJEE00,無機・分析化学セミナーIA
0AJEE01,無機・分析化学セミナーIB
0AJEE02,無機・分析化学セミナーIIA
0AJEE03,無機・分析化学セミナーIIB
0AJEE10,無機・分析化学特別研究IA
0AJEE11,無機・分析化学特別研究IB
0AJEE12,無機・分析化学特別研究IIA
0AJEE13,無機・分析化学特別研究IIB
0AJEF00,物理化学セミナーIA
0AJEF01,物理化学セミナーIB
0AJEF02,物理化学セミナーIIA
0AJEF03,物理化学セミナーIIB
0AJEF10,物理化学特別研究IA
0AJEF11,物理化学特別研究IB
0AJEF12,物理化学特別研究IIA
0AJEF13,物理化学特別研究IIB
0AJEG00,有機化学セミナーIA
0AJEG01,有機化学セミナーIB
0AJEG02,有機化学セミナーIIA
0AJEG03,有機化学セミナーIIB
0AJEG10,有機化学特別研究IA
0AJEG11,有機化学特別研究IB
0AJEG12,有機化学特別研究IIA
0AJEG13,有機化学特別研究IIB
0AJEH01,境界領域化学セミナーIA
0AJEH02,境界領域化学セミナーIB
0AJEH03,境界領域化学セミナーIIA
0AJEH04,境界領域化学セミナーIIB
0AJEH10,境界領域化学特別研究IA
0AJEH11,境界領域化学特別研究IB
0AJEH12,境界領域化学特別研究IIA
0AJEH13,境界領域化学特別研究IIB
0AJEJ00,Seminar in Nano Chemistry IA
0AJEJ01,Seminar in Nano Chemistry IB
0AJEJ02,Seminar in Nano Chemistry IIA
0AJEJ03,Seminar in Nano Chemistry IIB
0AJEJ10,Research in Nano Chemistry IA
0AJEJ11,Research in Nano Chemistry IB
0AJEJ12,Research in Nano Chemistry IIA
0AJEJ13,Research in Nano Chemistry IIB
0AJFAA1,化学セミナーI
0AJFE01,無機・分析化学セミナーIA
0AJFE02,無機・分析化学セミナーIB
0AJFE03,無機・分析化学セミナーIIA
0AJFE04,無機・分析化学セミナーIIB
0AJFE05,無機・分析化学特別研究IA
0AJFE06,無機・分析化学特別研究IB
0AJFE07,無機・分析化学特別研究IIA
0AJFE08,無機・分析化学特別研究IIB
0AJFF00,物理化学セミナーIA
0AJFF01,物理化学セミナーIB
0AJFF02,物理化学セミナーIIA
0AJFF03,物理化学セミナーIIB
0AJFF10,物理化学特別研究IA
0AJFF11,物理化学特別研究IB
0AJFF12,物理化学特別研究IIA
0AJFF13,物理化学特別研究IIB
0AJFG01,有機化学セミナーIA
0AJFG02,有機化学セミナーIB
0AJFG03,有機化学セミナーIIA
0AJFG04,有機化学セミナーIIB
0AJFG10,有機化学特別研究IA
0AJFG11,有機化学特別研究IB
0AJFG12,有機化学特別研究IIA
0AJFG13,有機化学特別研究IIB
0AJFH01,境界領域化学セミナーIA
0AJFH02,境界領域化学セミナーIB
0AJFH03,境界領域化学セミナーIIA
0AJFH04,境界領域化学セミナーIIB
0AJFH10,境界領域化学特別研究IA
0AJFH11,境界領域化学特別研究IB
0AJFH12,境界領域化学特別研究IIA
0AJFH13,境界領域化学特別研究IIB
0AJFJ01,Seminar in Nano Chemistry IA
0AJFJ02,Seminar in Nano Chemistry IB
0AJFJ03,Seminar in Nano Chemistry IIA
0AJFJ04,Seminar in Nano Chemistry IIB
0AJFJ05,Research in Nano Chemistry IA
0AJFJ06,Research in Nano Chemistry IB
0AJFJ07,Research in Nano Chemistry IIA
0AJFJ08,Research in Nano Chemistry IIB
0AJG001,量子力学I
0AJG002,量子力学II
0AJG003,量子力学III
0AJG011,Quantum Mechanics I
0AJG012,Quantum Mechanics II
0AJG013,Quantum Mechanics III
0AJG021,統計力学I
0AJG022,統計力学II
0AJG023,統計力学III
0AJG024,Statistical Mechanics I
0AJG031,電磁気学I
0AJG032,電磁気学II
0AJG033,電磁気学III
0AJG041,Electromagnetism I
0AJG042,Electromagnetism II
0AJG043,Electromagnetism III
0AJG051,固体物理学I
0AJG052,固体物理学II
0AJG053,固体物理学III
0AJG061,Solid State Physics I
0AJG062,Solid State Physics II
0AJG063,Solid State Physics III
0AJG201,生物医工学I
0AJG202,生物医工学II
0AJG211,ナノ物性I
0AJG212,ナノ物性II
0AJG213,ナノ物性III
0AJG401,結晶回折論
0AJG411,金属物性論
0AJG421,物質化学A
0AJG422,物質化学B
0AJG431,生体関連化学A
0AJG432,生体関連化学B
0AJG441,英語論文執筆・プレゼンテーションの技法
0AJG451,物性・分子工学インターンシップI
0AJG452,物性・分子工学インターンシップII
0AJH001,半導体欠陥・不純物の物性と評価
0AJH002,磁性と磁性材料
0AJJA01,走査型電子顕微鏡
0AJJA02,最先端表面計測科学
0AJJA03,ビーム・プラズマ工学
0AJJA04,光工学I
0AJJA05,物質分光分析
0AJJA06,磁気機能工学
0AJJA07,放射光応用概論
0AJJA08,電子・物理工学インターンシップI
0AJJA09,電子・物理工学インターンシップII
0AJJA11,Physics of Electronic Devices
0AJJA12,Physics of Optoelectronic Devices
0AJJA13,光工学II
0AJJA14,量子物理工学
0AJJA15,Nanomaterial Engineering I
0AJJA16,Nanomaterial Engineering II
0AJJA18,パワーエレクトロニクス概論I
0AJJA19,次世代パワー半導体特論
0AJJA20,パワー半導体の基礎と応用
0AJJA21,パワーエレクトロニクス概論II
0AJJA22,パワー半導体プロセス
0AJJA23,電気電磁回路論
0AJJA24,電力変換回路概論
0AJJA25,応用システム特論
0AJJA27,基礎表面科学
0AJJA29,先端計測・分析特別講義
0AJJA30,パワーエレクトロニクス概論III
0AJJA31,次世代パワーエレクトロニクス
0AJJA32,ナノエレクトロニクス・ナノテクノロジーサマースクール
0AJJA33,ナノテクノロジー特別講義I
0AJJA34,ナノテクノロジー特別講義II
0AJJA35,ナノテクノロジー特別講義III
0AJJA36,ナノテクノロジー特別講義IV
0AJJA37,ナノグリーン特別講義I
0AJJA38,電子・物理工学特別研究IA
0AJJA39,電子・物理工学特別研究IB
0AJJA40,電子・物理工学特別研究IIA
0AJJA41,電子・物理工学特別研究IIB
0AJJA51,電子・物理工学特別講義I
0AJJA54,電子・物理工学特別講義IV
0AJJA61,光・量子半導体工学I
0AJJA62,光・量子半導体工学II
0AJJA63,物理計測工学
0AJJE03,光・電子ナノ材料工学セミナーI
0AJJE05,光・電子ナノ材料工学特別研究IA
0AJJE06,光・電子ナノ材料工学特別研究IB
0AJJE07,光・電子ナノ材料工学特別研究IIA
0AJJE08,光・電子ナノ材料工学特別研究IIB
0AJJL01,ナノ材料工学特論I
0AJJL02,透過電子顕微鏡
0AJJL11,先端光学
0AJKA38,電子・物理工学特別研究IA
0AJKA39,電子・物理工学特別研究IB
0AJKA40,電子・物理工学特別研究IIA
0AJKA41,電子・物理工学特別研究IIB
0AJKL04,光・電子ナノ材料工学セミナーII
0AJKL05,光・電子ナノ材料工学特別研究IA
0AJKL06,光・電子ナノ材料工学特別研究IB
0AJKL07,光・電子ナノ材料工学特別研究IIA
0AJKL08,光・電子ナノ材料工学特別研究IIB
0AJMA01,誘電体工学特論
0AJMA02,振動分光学特論
0AJMA03,固体光物性論
0AJMA04,有機デバイス物性特論
0AJMA05,磁性・超伝導
0AJMA06,半導体物性工学特論
0AJMA07,半導体スピントロニクス
0AJMA08,固体の素励起物理―理論と実験―
0AJMA21,量子物性特別研究IA
0AJMA22,量子物性特別研究IB
0AJMA23,量子物性特別研究IIA
0AJMA24,量子物性特別研究IIB
0AJMA31,量子物性特別講義I
0AJMB01,物質の対称性と群論
0AJMB02,原子物理特論
0AJMB03,統計化学物理
0AJMB04,多粒子系の量子論
0AJMB05,半導体光物性理論
0AJMB06,強相関電子系の物理
0AJMB07,電気伝導論
0AJMB08,量子情報制御論
0AJMB09,量子情報処理論
0AJMB21,量子理論特別研究IA
0AJMB22,量子理論特別研究IB
0AJMB23,量子理論特別研究IIA
0AJMB24,量子理論特別研究IIB
0AJMC01,機能性金属合成概論
0AJMC02,機能材料特論
0AJMC03,ナノ構造材料論
0AJMC04,電子顕微鏡特論
0AJMC05,物質応答論
0AJMC06,エネルギー・環境材料
0AJMC07,材料技術戦略論
0AJMC08,分子性機能材料特論
0AJMC21,材料物性特別研究IA
0AJMC22,材料物性特別研究IB
0AJMC23,材料物性特別研究IIA
0AJMC24,材料物性特別研究IIB
0AJMC31,材料物性工学特別講義I
0AJMD01,化学・バイオセンシング工学
0AJMD02,高分子化学
0AJMD03,有機機能材料論
0AJMD04,生体材料工学特論
0AJMD05,生体材料科学特論
0AJMD06,触媒化学特論
0AJMD07,有機金属化学
0AJMD08,表面化学概論
0AJMD09,基礎物理化学概論
0AJMD10,錯体化学特論
0AJMD11,物質化学・バイオ特別講義��
0AJMD21,物質化学・バイオ特別研究IA
0AJMD22,物質化学・バイオ特別研究IB
0AJMD23,物質化学・バイオ特別研究IIA
0AJMD24,物質化学・バイオ特別研究IIB
0AJMD31,物質化学・バイオ特別講義I
0AJME01,ナノ材料工学特論II
0AJME02,材料の相変態
0AJME03,セラミック科学
0AJME04,生体材料
0AJME05,スマートバイオマテリアル
0AJME06,材料の変形と強度
0AJME07,ナノ組織工学特別セミナーI
0AJME11,医薬品物理化学
0AJME21,ナノ組織工学特別研究IA
0AJME22,ナノ組織工学特別研究IB
0AJME23,ナノ組織工学特別研究IIA
0AJME24,ナノ組織工学特別研究IIB
0AJNA21,量子物性特別研究IA
0AJNA22,量子物性特別研究IB
0AJNA23,量子物性特別研究IIA
0AJNA24,量子物性特別研究IIB
0AJNAA1,誘電体工学特論
0AJNAA2,振動分光学特論
0AJNAA3,固体光物性論
0AJNAA4,有機デバイス物性特論
0AJNAA5,半導体スピントロニクス
0AJNAA6,半導体物性工学特論
0AJNAA7,磁性・超伝導
0AJNAA8,固体の素励起物理―理論と実験―
0AJNB21,量子理論特別研究IA
0AJNB22,量子理論特別研究IB
0AJNB23,量子理論特別研究IIA
0AJNB24,量子理論特別研究IIB
0AJNBA1,物質の対称性と群論
0AJNBA2,原子物理特論
0AJNBA3,統計化学物理
0AJNBA4,多粒子系の量子論
0AJNBA5,半導体光物性理論
0AJNBA6,強相関電子系の物理
0AJNBA7,電気伝導論
0AJNBA8,量子情報制御論
0AJNBA9,量子情報処理論
0AJNC21,材料物性特別研究IA
0AJNC22,材料物性特別研究IB
0AJNC23,材料物性特別研究IIA
0AJNC24,材料物性特別研究IIB
0AJNCA1,機能性金属合成概論
0AJNCA2,機能材料特論
0AJNCA3,ナノ構造材料論
0AJNCA4,電子顕微鏡特論
0AJNCA5,物質応答論
0AJNCA6,エネルギー・環境材料
0AJNCA7,材料技術戦略論
0AJNCA8,分子性機能材料特論
0AJND21,物質化学・バイオ特別研究IA
0AJND22,物質化学・バイオ特別研究IB
0AJND23,物質化学・バイオ特別研究IIA
0AJND24,物質化学・バイオ特別研究IIB
0AJNDA1,化学・バイオセンシング工学
0AJNDA2,高分子化学
0AJNDA3,有機機能材料論
0AJNDA4,生体材料工学特論
0AJNDA5,生体材料科学特論
0AJNDA6,触媒化学特論
0AJNDA7,有機金属化学
0AJNDA8,表面化学概論
0AJNDA9,基礎物理化学概論
0AJNDB0,錯体化学特論
0AJNE08,ナノ組織工学特別セミナーII
0AJNE21,ナノ組織工学特別研究IA
0AJNE22,ナノ組織工学特別研究IB
0AJNE23,ナノ組織工学特別研究IIA
0AJNE24,ナノ組織工学特別研究IIB
0AJR002,Statistical Mechanics II
0AJR003,Statistical Mechanics III
0AJR011,Materials Chemistry A
0AJR012,Materials Chemistry B
0AJR020,Spectroscopic Analysis in Materials Science
0AJR030,Advanced Catalytic Chemistry
0AJR040,Energy Materials I
0AJR050,Environmental Materials I
0AJR070,Introduction to Materials Science
0AJRA11,Research in MI IA
0AJRA12,Research in MI IB
0AJRA21,Research in MI IIA
0AJRA22,Research in MI IIB
0AJRB11,Open Seminar IA
0AJRB12,Open Seminar IB
0AJRB21,Open Seminar IIA
0AJRB22,Open Seminar IIB
0AJRC11,Joint Seminar IA
0AJRC12,Joint Seminar IB
0AJRC21,Joint Seminar IIA
0AJRC22,Joint Seminar IIB
0AJRD01,Magnetism and Magnetic Materials
0AJRE01,Material and Device Physics for Nanoscience I
0AJRF01,Surface Chemistry
0AJRG01,Material and Device Physics for Nanoscience II
0AJRH01,Computational Materials Science
0AJRJ01,Condensed Matter Physics
0AJRK01,Introduction of Synchrotron-radiation X-ray Materials Science
0AJRL02,Semiconductors for optoelectronics and quantum applications I
0AJRM01,Molecular Functional Materials
0AJRN01,Ceramics Science
0AJRP01,Functional Materials Chemistry
0AJRQ01,Photofunctional Materials Chemistry
0AJSA11,Research in MI IA
0AJSA12,Research in MI IB
0AJSA21,Research in MI IIA
0AJSA22,Research in MI IIB
0AJSB11,Open Seminar IA
0AJSB12,Open Seminar IB
0AJSB21,Open Seminar IIA
0AJSB22,Open Seminar IIB
0AJSC11,Joint Seminar IA
0AJSC12,Joint Seminar IB
0AJSC21,Joint Seminar IIA
0AJSC22,Joint Seminar IIB
0AL0000,テクニカルライティング基礎
0AL0001,テクニカルライティング基礎
0AL0002,テクニカルライティング発展
0AL0003,テクニカルライティング発展
0AL0004,アカデミック・プレゼンテーション1
0AL0005,アカデミック・プレゼンテーション1
0AL0006,アカデミック・プレゼンテーション2
0AL0007,アカデミック・プレゼンテーション2
0AL0008,アカデミック・スピーキング1
0AL0009,アカデミック・スピーキング1
0AL0010,アカデミック・スピーキング2
0AL0011,アカデミック・スピーキング2
0AL0100,社会工学のための数学
0AL0101,ミクロ経済学
0AL0102,社会シミュレーション
0AL0103,ゲーム理論
0AL0104,統計分析
0AL0105,企業評価論
0AL0106,制度・政策決定論
0AL0107,都市と環境
0AL0108,空間情報科学
0AL0109,モビリティ・イノベーションの社会応用
0AL0110,ブロックチェーン技術と地域未来創生
0AL0200,情報ネットワークの経済学
0AL0201,観光の科学
0AL0202,サービス満足度解析
0AL0203,金融サービスと意思決定
0AL0204,サービス工学:技術と実践
0AL0205,ウエルネスサービスサイエンス
0AL0206,交通サービスデザイン
0AL0207,システム開発論
0AL0208,総合型地域スポーツクラブ論
0AL0300,ソフトコンピューティング基礎論
0AL0301,データマイニング
0AL0302,暗号技術特論
0AL0303,現代情報理論
0AL0304,数理モデル解析特論
0AL0305,数理環境工学特論
0AL0400,Experiment Design in Computer Sciences
0AL0401,インストラクショナルデザイン
0AL0402,データ解析特論
0AL0600,エネルギーシステム原論
0AL0601,固体力学特論
0AL0602,構造力学特論
0AL0603,振動学特論
0AL0604,電磁エネルギー工学
0AL0605,災害情報学
0AL0606,流体力学特論1
0AL0607,流体力学特論2
0AL0610,宇宙開発工学特別演習2022
0AL0620,インフラ開発工学特別演習
0AL0621,建築設計計画特別演習
0AL5101,都市・地域解析学
0AL5102,都市開発プロジェクト・マネジメント/地域経営論
0AL5103,経済・政策分析
0AL5104,ビジネス戦略:理論と実践
0AL5105,情報セキュリティ
0AL5106,ファイナンス:理論と実践（野村證券講座）
0AL5107,資産評価論
0AL5108,離散数理
0AL5109,数理最適化理論
0AL5110,地域科学
0AL5111,都市形成史
0AL5112,住環境計画論
0AL5113,ミクロ計量分析
0AL5114,オペレーション管理
0AL5115,社会工学特別講義I
0AL5116,社会工学特別講義II
0AL5117,社会工学特別講義III
0AL5200,サービス工学特別講義I
0AL5201,サービス工学特別講義II
0AL5202,サービス工学特別講義III
0AL5203,サービス工学特別講義IV(デジタル・ガバメント/スマートシティ)
0AL5300,エネルギー・環境モデリング演習
0AL5301,サイバーリスク特論
0AL5302,サイバーレジリエンス演習
0AL5303,セキュリティ論考特論
0AL5304,ネットワークセキュリティ特論
0AL5305,ヒューマンファクター演習
0AL5306,ヒューマンファクター特論
0AL5307,プロセスシステムリスク特論
0AL5308,リスク・レジリエンス工学修士特別講義(セキュリティ)
0AL5309,リスク・レジリエンス工学修士特別講義(都市防災・リスク情報論)
0AL5310,リスクコミュニケーション
0AL5311,レジリエンス社会へ向けての事業継続管理
0AL5312,レジリエント都市計画演習
0AL5313,環境・エネルギー・安全工学概論
0AL5314,金融リスク解析
0AL5315,災害リスク・レジリエンス論
0AL5316,サイバーセキュリティ特論
0AL5317,都市リスクマネジメント論
0AL5318,認知的インタフェース論
0AL5319,リスク・レジリエンス工学修士特別講義(情報知能災害リスクマネジメント)
0AL5320,メディアリスクコミュニケーション概論
0AL5321,システム信頼性解析演習
0AL5322,原子力安全特論
0AL5323,メディアリスクコミュニケーション概論
0AL5400,Principles of Software Engineering
0AL5401,コンピュータグラフィクス特論
0AL5402,コンピュータサイエンス英語講義I
0AL5403,コンピュータネットワーク特論
0AL5404,サービスとデータプライバシ
0AL5405,システムプログラミング特論
0AL5406,システム最適化
0AL5407,システム制御
0AL5408,ソフトウェアリポジトリ分析技法
0AL5409,データ工学特論I
0AL5410,データ工学特論II
0AL5411,ヒューマンインタフェース特論I
0AL5412,ヒューマンインタフェース特論II
0AL5413,プログラミング環境特論
0AL5414,プログラム言語特論
0AL5415,プログラム理論特論
0AL5416,音声メディア工学特論
0AL5417,画像認識特論
0AL5418,回路工学特論
0AL5419,基礎計算生物学
0AL5420,計算言語学特論
0AL5421,高性能コンピューティング特論
0AL5422,視覚計算特論
0AL5423,集積システム工学
0AL5424,信号画像処理特論I
0AL5425,信号画像処理特論II
0AL5426,信号画像処理特論III
0AL5427,数値シミュレーション特論
0AL5428,数理アルゴリズム特論
0AL5429,知能感性処理特論
0AL5430,適応的メディア処理
0AL5431,統計的言語モデル特論
0AL5432,非線形システム特論
0AL5433,分散システム特論
0AL5434,並行システム
0AL5435,並列処理アーキテクチャ特論
0AL5436,並列分散システム特論
0AL5437,フロンティアインフォマティクス特論A
0AL5438,フロンティアインフォマティクス特論B
0AL5439,暗号理論特論I
0AL5440,暗号理論特論II
0AL5500,コンテンツ工学
0AL5501,サイバニクス
0AL5502,システムモデリング
0AL5503,スマートインフォメディアシステム特論
0AL5504,ソーシャルロボティクス
0AL5505,通信基礎論
0AL5506,デジタル制御特論
0AL5507,バーチャルリアリティ
0AL5508,ユーザビリティテスティング
0AL5509,ロボット制御論
0AL5510,運動制御論
0AL5511,音響工学特論
0AL5512,機械学習論
0AL5513,実世界指向センシング
0AL5514,言語情報処理特論
0AL5515,錯覚とインタフェース
0AL5516,視覚システム論
0AL5517,自律移動ロボット学
0AL5518,情報・符号理論
0AL5519,ヒューマンエージェントインタラクション
0AL5520,人工知能特論
0AL5521,生体計測工学
0AL5522,生体情報処理特論
0AL5523,知覚拡張工学
0AL5524,適応システム構成論
0AL5600,マイクロメカニックス
0AL5601,圧縮性流れの力学
0AL5602,宇宙開発工学特論
0AL5603,環境流体工学特論
0AL5604,計算力学特論
0AL5605,原子炉構造設計
0AL5606,構造物設計法論
0AL5607,混相流工学
0AL5608,材料強度学特論
0AL5609,信頼性工学特論
0AL5610,数値流体力学
0AL5611,耐震工学特論
0AL5612,地盤工学特論
0AL5613,輸送現象論
0AL5614,熱・流体計測法
0AL5615,複合構造特論
0AL5616,構造エネルギー工学特別講義I
0AL5617,構造エネルギー工学特別講義II
0AL5618,構造エネルギー工学特別講義III
0AL5619,構造エネルギー工学特別講義IV
0AL5620,構造エネルギー工学特別講義V
0AL5621,"災害から学ぶ:巨大災害が社会基盤施設,工学や社会システム全般に及ぼす影響"
0AL5622,熱流体計測工学特別演習
0AL5623,構造・固体CAE特別演習
0AL5700,拡張生体学
0AL5701,生体計測
0AL5702,実世界指向インタフェース
0AL5703,神経運動制御
0AL5704,触覚の計算論
0AL5705,実験心理学方法論
0AL5706,機械学習基礎
0ALA000,地域未来創生概論
0ALA001,社会工学ワークショップI
0ALA002,社会工学ワークショップII
0ALA003,社会工学インターンシップ
0ALA004,地域未来創生アクティブラーニングI
0ALA005,地域未来創生アクティブラーニングII
0ALA006,地域未来創生アクティブラーニングIII
0ALA007,地域未来創生概論I
0ALA008,地域未来創生概論II
0ALA500,社会工学ファシリテーター育成プレプログラムI
0ALA501,社会工学ファシリテーター育成プレプログラムII
0ALA502,社会工学修士基礎演習I
0ALA503,社会工学修士基礎演習II
0ALA504,社会工学修士特別演習I
0ALA505,社会工学修士特別演習II
0ALA506,社会工学修士特別研究I
0ALA507,社会工学修士特別研究II
0ALA508,社会工学ファシリテーター育成プログラムI
0ALA509,社会工学ファシリテーター育成プログラムII
0ALB000,消費者心理分析
0ALB001,地域データ解析
0ALB002,ビッグデータアナリティクス
0ALB003,応用最適化
0ALB004,公共インフラ計画
0ALB005,情報ネットワーク
0ALB006,サービス会計
0ALB007,プレイスメイキング
0ALB008,技術経営
0ALB500,サービス工学ファシリテーター育成プログラム
0ALB501,サービス工学インターンシップ
0ALB502,サービス工学特別演習I
0ALB503,サービス工学特別演習II
0ALB504,サービス工学特別研究I
0ALB505,サービス工学特別研究II
0ALC000,リスク・レジリエンス工学基礎
0ALC500,リスク・レジリエンス工学グループPBL演習
0ALC501,リスク・レジリエンス工学修士特別演習I
0ALC502,リスク・レジリエンス工学修士特別演習II
0ALC503,リスク・レジリエンス工学修士特別研究I
0ALC504,リスク・レジリエンス工学修士特定課題研究
0ALC505,リスク・レジリエンス工学修士特別研究II
0ALC506,リスク・レジリエンス工学輪講I
0ALC507,リスク・レジリエンス工学輪講II
0ALC508,リスク・レジリエンス工学修士インターンシップA
0ALC509,リスク・レジリエンス工学修士インターンシップB
0ALD000,インターンシップI
0ALD001,インターンシップII
0ALD002,プロジェクト実践ワークショップ
0ALD500,イニシアティブプロジェクトI
0ALD501,イニシアティブプロジェクトII
0ALD502,組込みプログラム開発
0ALD503,情報理工前期特別演習
0ALD504,情報理工前期特別研究I
0ALD505,情報理工前期特別研究II
0ALD506,情報理工前期特別演習s
0ALD507,情報理工前期特別演習f
0ALD508,情報理工前期特別研究Is
0ALD509,情報理工前期特別研究If
0ALD510,情報理工前期特別研究IIs
0ALD511,情報理工前期特別研究IIf
0ALE000,知能機能システムコアスタディ
0ALE001,知能機能システム数学基礎
0ALE002,知能システム理論基礎
0ALE003,機能システム数理基礎
0ALE004,知能機能システムデータ解析演習
0ALE005,知能システムツール演習a
0ALE006,知能システムツール演習b
0ALE007,機能システムツール演習
0ALE008,知能機能システムTOEIC演習I
0ALE009,知能機能システムTOEIC演習II
0ALE500,知能機能システム特別研究I
0ALE501,知能機能システム特別研究II
0ALE502,知能機能システムセミナーI
0ALE503,知能機能システムセミナーII
0ALE504,知能機能システム研究発表演習Ia
0ALE505,知能機能システム研究発表演習Ib
0ALE506,知能機能システム研究発表演習IIa
0ALE507,知能機能システム研究発表演習IIb
0ALE508,知能機能システム計画調書作成演習I
0ALE509,知能機能システム計画調書作成演習II
0ALE510,知能機能システム論文投稿演習
0ALE511,知能機能システムコラボラトリー演習Ia
0ALE512,知能機能システムコラボラトリー演習Ib
0ALE513,知能機能システムコラボラトリー演習IIa
0ALE514,知能機能システムコラボラトリー演習IIb
0ALE515,知能システム特別実験a
0ALE516,知能システム特別実験b
0ALE517,機能システム特別実験
0ALF000,インターンシップ
0ALF500,構造エネルギー工学前期特別演習I
0ALF501,構造エネルギー工学前期特別演習II
0ALF502,構造エネルギー工学前期特別研究I
0ALF503,構造エネルギー工学前期特別研究II
0ALF504,構造エネルギー工学前期特別演習Ia
0ALF505,構造エネルギー工学前期特別演習Ib
0ALF506,構造エネルギー工学前期特別演習IIa
0ALF507,構造エネルギー工学前期特別演習IIb
0ALF508,構造エネルギー工学前期特別研究Ia
0ALF509,構造エネルギー工学前期特別研究Ib
0ALF510,構造エネルギー工学前期特別研究IIa
0ALF511,構造エネルギー工学前期特別研究IIb
0AN0101,動物の発生と分化
0AN0103,動物の反応と調節
0AN0105,植物の発生と分化
0AN0107,植物の反応と調節
0AN0201,研究コンプライアンス(生命科学)
0AN0202,英文論文の書き方(生命科学)
0AN0301,地球進化科学特別講義I
0AN0303,地球科学における統計解析法
0AN0401,水環境論
0AN0403,Utilization and Recycling of Bio-resources
0AN0405,Simulation of Environmental Policy
0AN0501,山岳科学概論A
0AN0502,山岳科学概論B
0ANA001,先端生物学セミナー
0ANA003,サイエンスプレゼンテーション
0ANA005,サイエンスプレゼンテーション
0ANA011,生物学概論I
0ANA013,生物学概論II
0ANA021,大規模分子系統解析演習
0ANA023,比較オミックス解析演習
0ANA025,プロテオーム演習
0ANA027,バイオインフォマティクス演習
0ANA029,バイオイメージング演習
0ANA031,サイエンスメディエーション実践I(インターンシップ)
0ANA032,サイエンスメディエーション実践II(インターンシップ)
0ANA033,サイエンスメディエーション実践III(インターンシップ)
0ANA034,サイエンスメディエーション実践IV(インターンシップ)
0ANA041,マリン分子生命科学I
0ANA042,マリン分子生命科学II
0ANA043,マリン生態環境科学
0ANA044,マリンバイオロジー特論
0ANA051,海山生物学実習
0ANA053,モデル生物生態学実習
0ANA055,高原原生生物学実習
0ANA057,動物学野外実習
0ANA061,サイエンスコミュニケーション海外インターンシップ
0ANA062,サイエンスコミュニケーション実践
0ANA063,サイエンスコミュニケーションプロジェクト
0ANA064,セルフラーニングアクティビティーI
0ANA301,系統分類・進化学セミナーIS
0ANA302,系統分類・進化学セミナーIF
0ANA303,系統分類・進化学セミナーIIS
0ANA304,系統分類・進化学セミナーIIF
0ANA311,系統分類・進化学研究法IS
0ANA312,系統分類・進化学研究法IF
0ANA313,系統分類・進化学研究法IIS
0ANA314,系統分類・進化学研究法IIF
0ANA321,生態学セミナーIS
0ANA322,生態学セミナーIF
0ANA323,生態学セミナーIIS
0ANA324,生態学セミナーIIF
0ANA331,生態学研究法IS
0ANA332,生態学研究法IF
0ANA333,生態学研究法IIS
0ANA334,生態学研究法IIF
0ANA341,植物発生・生理学セミナーIS
0ANA342,植物発生・生理学セミナーIF
0ANA343,植物発生・生理学セミナーIIS
0ANA344,植物発生・生理学セミナーIIF
0ANA351,植物発生・生理学研究法IS
0ANA352,植物発生・生理学研究法IF
0ANA353,植物発生・生理学研究法IIS
0ANA354,植物発生・生理学研究法IIF
0ANA361,動物発生・生理学セミナーIS
0ANA362,動物発生・生理学セミナーIF
0ANA363,動物発生・生理学セミナーIIS
0ANA364,動物発生・生理学セミナーIIF
0ANA371,動物発生・生理学研究法IS
0ANA372,動物発生・生理学研究法IF
0ANA373,動物発生・生理学研究法IIS
0ANA374,動物発生・生理学研究法IIF
0ANA381,分子細胞生物学セミナーIS
0ANA382,分子細胞生物学セミナーIF
0ANA383,分子細胞生物学セミナーIIS
0ANA384,分子細胞生物学セミナーIIF
0ANA391,分子細胞生物学研究法IS
0ANA392,分子細胞生物学研究法IF
0ANA393,分子細胞生物学研究法IIS
0ANA394,分子細胞生物学研究法IIF
0ANA401,ゲノム情報学セミナーIS
0ANA402,ゲノム情報学セミナーIF
0ANA403,ゲノム情報学セミナーIIS
0ANA404,ゲノム情報学セミナーIIF
0ANA411,ゲノム情報学研究法IS
0ANA412,ゲノム情報学研究法IF
0ANA413,ゲノム情報学研究法IIS
0ANA414,ゲノム情報学研究法IIF
0ANA421,先端細胞生物科学研究法IS
0ANA422,先端細胞生物科学研究法IF
0ANA423,先端細胞生物科学研究法IIS
0ANA424,先端細胞生物科学研究法IIF
0ANA431,先端分子生物科学研究法IS
0ANA432,先端分子生物科学研究法IF
0ANA433,先端分子生物科学研究法IIS
0ANA434,先端分子生物科学研究法IIF
0ANB001,生物資源科学基礎実習
0ANB002,国際農学ESDインターンシップ
0ANB003,生物資源科学インターンシップI
0ANB004,Intercultural Communication
0ANB005,国際農業科学研究法
0ANB006,応用国際農業科学研究法
0ANB007,農林生物学特別講義II
0ANB008,農林社会経済学特別講義II
0ANB009,生物環境工学特別講義II
0ANB010,応用生命化学特別講義
0ANB011,バイオシステム学概論
0ANB012,Debating Current Topics in Life Science and Engineering
0ANB013,Metabolomics
0ANB014,Intercultural Communication 
0ANB201,農業科学演習IS
0ANB202,農業科学演習IF
0ANB203,農業科学演習IIS
0ANB204,農業科学演習IIF
0ANB205,農業科学特別研究IS
0ANB206,農業科学特別研究IF
0ANB207,農業科学特別研究IIS
0ANB208,農業科学特別研究IIF
0ANB301,農林生物学演習IS
0ANB302,農林生物学演習IF
0ANB303,農林生物学演習IIS
0ANB304,農林生物学演習IIF
0ANB305,農林生物学特別研究IS
0ANB306,農林生物学特別研究IF
0ANB307,農林生物学特別研究IIS
0ANB308,農林生物学特別研究IIF
0ANB311,植物育種学特論
0ANB312,作物学特論
0ANB313,作物生理学
0ANB314,蔬菜・花卉学特論
0ANB315,果樹生産利用学特論
0ANB316,動物資源生産学特論
0ANB317,動物機能制御学
0ANB318,植物寄生菌学特論
0ANB319,植物病理学
0ANB320,応用動物昆虫学特論
0ANB321,昆虫機能制御学
0ANB322,森林生態環境学特論
0ANB323,発現・代謝ネットワーク制御学特論
0ANB324,媒介動物制御学特論
0ANB325,エピジェネティクス特論
0ANB326,土壌環境化学特論
0ANB327,生物圏資源科学特論
0ANB401,農林社会経済学演習IS
0ANB402,農林社会経済学演習IF
0ANB403,農林社会経済学演習IIS
0ANB404,農林社会経済学演習IIF
0ANB405,農林社会経済学特別研究IS
0ANB406,農林社会経済学特別研究IF
0ANB407,農林社会経済学特別研究IIS
0ANB408,農林社会経済学特別研究IIF
0ANB411,生物資源経済学特論
0ANB412,食料経済・農業発展論
0ANB413,国際資源開発経済学特論
0ANB414,国際農村開発論
0ANB415,農業経営学及び関連産業経営学特論
0ANB416,地域農業発展論
0ANB417,森林資源経済学特論
0ANB418,森林資源社会学特論
0ANB419,森林共同組織論
0ANB420,国際地縁技術開発科学特論A
0ANB501,生物環境工学演習IS
0ANB502,生物環境工学演習IF
0ANB503,生物環境工学演習IIS
0ANB504,生物環境工学演習IIF
0ANB505,生物環境工学特別研究IS
0ANB506,生物環境工学特別研究IF
0ANB507,生物環境工学特別研究IIS
0ANB508,生物環境工学特別研究IIF
0ANB511,食資源工学特論
0ANB512,環境コロイド界面工学特論
0ANB513,生産基盤システム工学特論
0ANB514,生物資源変換工学特論
0ANB515,流域保全工学特論
0ANB516,水利環境工学特論
0ANB517,生物生産知能システム工学
0ANB518,生物材料化学特論
0ANB519,生物材料利用工学
0ANB520,生物材料工学特論
0ANB521,生物材料加工学
0ANB522,農産食品プロセス工学特論
0ANB523,国際地縁技術開発科学特論B
0ANB524,生物生産機械学特論
0ANB601,応用生命化学演習IS
0ANB602,応用生命化学演習IF
0ANB603,応用生命化学演習IIS
0ANB604,応用生命化学演習IIF
0ANB605,応用生命化学特別研究IS
0ANB606,応用生命化学特別研究IF
0ANB607,応用生命化学特別研究IIS
0ANB608,応用生命化学特別研究IIF
0ANB611,生体成分化学特論
0ANB612,ゲノム情報生物学特論
0ANB613,構造生物化学特論
0ANB614,微生物育種工学特論
0ANB615,生物反応工学特論
0ANB616,微生物機能利用学特論
0ANB617,細胞機能開発工学特論
0ANB618,ダークマター微生物資源利用・生物化学工学
0ANB619,分子発生制御学特論
0ANB620,生体情報制御学特論
0ANB621,負荷適応微生物学特論
0ANB622,食品機能化学特論
0ANB623,食機能探査科学特論
0ANB624,植物環境生化学特論
0ANB625,生物機能科学特論
0ANB626,糸状菌相互応答学特論
0ANB701,バイオシステム学演習IS
0ANB702,バイオシステム学演習IF
0ANB703,バイオシステム学演習IIS
0ANB704,バイオシステム学演習IIF
0ANB705,バイオシステム学特別研究IS
0ANB706,バイオシステム学特別研究IF
0ANB707,バイオシステム学特別研究IIS
0ANB708,バイオシステム学特別研究IIF
0ANB711,植物機能生理化学特論
0ANB712,遺伝子多様性学特論
0ANB713,生理活性天然物化学特論
0ANB714,産業微生物資源学特論
0ANB715,システム生態環境工学特論
0ANB716,海洋システム環境工学特論
0ANB717,食料システム学特論
0ANB718,バイオ・物質循環工学特論
0ANB719,生物プロセス工学特論
0ANB720,国際生命産業科学インターンシップ
0ANB721,生命産業科学R&D特論
0ANB722,動物細胞バイオテクノロジー特論
0ANB723,ケミカルバイオロジー特論
0ANB801,基礎植物バイオテクノロジー論
0ANB802,新生物資源探索・保存・利用論
0ANB803,Introduction to Sustainable Agriculture in Rural Areas
0ANB804,Concept of Sustainability Index
0ANB901,Internship
0ANC001,地球科学のための英語論文の書き方
0ANC003,地球環境科学特論
0ANC005,地球環境科学実践実習
0ANC011,地球環境科学特別研究Ia
0ANC012,地球環境科学特別研究Ib
0ANC013,地球環境科学特別研究IIa
0ANC014,地球環境科学特別研究IIb
0ANC021,地球進化科学特別講義II
0ANC022,地球進化科学特別講義III
0ANC023,地球進化科学特別講義IV
0ANC024,地球進化科学特別講義V
0ANC025,地球進化科学特別講義VI
0ANC031,地球進化科学インターンシップI
0ANC032,地球進化科学インターンシップII
0ANC041,地球進化科学特別野外実験
0ANC043,地球進化科学野外実験I
0ANC044,地球進化科学野外実験II
0ANC051,地球進化科学特別研究Ia
0ANC052,地球進化科学特別研究Ib
0ANC053,地球進化科学特別研究IIa
0ANC054,地球進化科学特別研究IIb
0ANC061,地球進化科学特別演習Ia
0ANC062,地球進化科学特別演習Ib
0ANC063,地球進化科学特別演習IIa
0ANC064,地球進化科学特別演習IIb
0ANC071,地球進化科学実践実習I
0ANC072,地球進化科学実践実習II
0ANC301,地球環境科学演習I
0ANC302,地球環境科学演習II
0ANC311,人文地理学方法論I
0ANC312,人文地理学方法論II
0ANC316,人文地理学野外実験I
0ANC317,人文地理学野外実験II
0ANC318,人文地理学特別講義I
0ANC319,人文地理学特別講義II
0ANC321,地誌学方法論
0ANC322,地域動態論
0ANC326,地誌学野外実験I
0ANC327,地誌学野外実験II
0ANC328,地誌学特別講義I
0ANC329,地誌学特別講義II
0ANC331,侵食地形論
0ANC332,堆積地形論
0ANC333,Hillslope Geomorphology and Hazards
0ANC336,地形学野外実験I
0ANC337,地形学野外実験II
0ANC338,地形学特別講義I
0ANC339,地形学特別講義II
0ANC341,流域圏水循環学
0ANC342,水文科学野外実験I
0ANC343,水文科学野外実験II
0ANC346,大気境界層水文学
0ANC347,水文気象学
0ANC348,水文科学特別講義I
0ANC349,水文科学特別講義II
0ANC351,気候学研究法
0ANC352,気象学研究法
0ANC353,大気陸面過程論
0ANC354,大気大循環論
0ANC356,大気科学実験I
0ANC357,大気科学実験II
0ANC358,大気科学特別講義I
0ANC359,大気科学特別講義II
0ANC361,空間情報科学研究法I
0ANC362,空間情報科学研究法II
0ANC363,空間情報科学研究法III
0ANC366,空間情報科学実験I
0ANC367,空間情報科学実験II
0ANC368,空間情報科学特別講義I
0ANC369,空間情報科学特別講義II
0ANC371,原子力環境影響評価論I
0ANC372,原子力環境影響評価論II
0ANC373,地質災害・地層環境評価論
0ANC374,原子力災害特別セミナー
0ANC376,環境動態解析学野外実験I
0ANC377,環境動態解析学野外実験II
0ANC381,水災害科学I
0ANC382,水災害科学II
0ANC383,水災害科学III
0ANC391,海洋大気相互システム論I
0ANC392,海洋大気相互システム論II
0ANC393,海洋大気相互システム論III
0ANC411,地球進化科学演習Ia
0ANC412,地球進化科学演習Ib
0ANC413,地球進化科学演習IIa
0ANC414,地球進化科学演習IIb
0ANC421,生物圏変遷科学総論
0ANC423,地圏変遷科学総論
0ANC425,地球ダイナミクス総論
0ANC431,惑星資源科学総論
0ANC433,岩石学総論
0ANC435,鉱物学総論
0ANC437,地球史解析科学総論
0AND001,Exercises in Environmental Sciences
0AND301,Lab Seminar in Environmental Sciences 1S
0AND302,Lab Seminar in Environmental Sciences 1F
0AND303,Lab Seminar in Environmental Sciences 2S
0AND304,Lab Seminar in Environmental Sciences 2F
0AND311,Thesis Seminar in Environmental Sciences 1S
0AND312,Thesis Seminar in Environmental Sciences 1F
0AND313,Thesis Seminar in Environmental Sciences 2S
0AND314,Thesis Seminar in Environmental Sciences 2F
0AND321,環境科学実践実習I
0AND322,Environmental Science Practicum I
0AND323,環境科学実践実習II
0AND324,Environmental Science Practicum II
0AND325,環境科学実践実習III
0AND326,Environmental Science Practicum III
0AND331,環境科学特講I
0AND332,環境科学特講II
0AND341,International Field Appraisal I
0AND342,International Field Appraisal II
0AND343,Environmental Field Practice
0AND351,大気汚染学
0AND352,環境物質輸送論
0AND353,地球環境統計解析
0AND354,Soil and Water Environmental Colloid Science
0AND355,植物環境生理学
0AND357,環境生態生化学
0AND358,環境化学物質リスク論
0AND359,食薬資源環境学特論
0AND361,Introduction to Water Environment
0AND362,Environmental Soil Science
0AND363,Environmental Analytical Chemistry
0AND364,Environmental Microbiology
0AND365,Remote Sensing
0AND366,Introduction to Waste Management (Solid Waste Management Systems Planning)
0AND367,Solid Waste Management Systems Planning
0AND369,Environmental Psychology
0AND371,Environmental Field Appraisal
0AND372,陸域生態学
0AND373,Introduction to Ecology
0AND374,水域生態学
0AND375,地域環境保健学
0AND376,Environmental Law
0AND377,Environmental Analysis and Planning
0AND378,Applied Environmental Ethics (Introduction to English Presentation and Debate)
0AND401,環境防災計画論
0AND402,環境防災政策論
0AND403,Climate System Study I
0ANE001,山岳フィールド実習A
0ANE002,山岳フィールド実習B
0ANE011,山岳環境インターンシップI
0ANE012,山岳環境インターンシップII
0ANE031,フィールド安全管理学
0ANE033,先端研究実習(スタディーツアー)
0ANE035,Advanced Lecture in Mountain Studies
0ANE301,山岳科学セミナーIA
0ANE302,山岳科学セミナーIB
0ANE303,山岳科学セミナーIIA
0ANE304,山岳科学セミナーIIB
0ANE311,山岳科学研究I
0ANE312,山岳科学研究II
0ANE321,植生地理学
0ANE322,植生学
0ANE323,Vegetation Science
0ANE324,土壌生成論
0ANE325,生態系生態学
0ANE326,山岳微生物学
0ANE327,菌類多様性野外実習
0ANE328,節足動物学野外実習
0ANE329,環境フィールド実習
0ANE330,山岳科学土壌調査法実習
0ANE331,里山管理実習
0ANE332,山岳森林生態学実習
0ANE333,山岳高原生態学実習
0ANE334,分子生態学実習
0ANE341,山岳気象学
0ANE342,山岳地形学
0ANE345,山岳地質学
0ANE361,地域資源保全学特論
0ANE362,山岳観光学
0ANE363,資源生物管理学
0AQT001,環境科学概論
0AQT003,環境科学演習
0AQT005,環境科学実習
0AQT007,合同セミナー
0AQT009,持続性マネジメント政策
0AQT011,環境科学セミナー1
0AQT012,環境科学セミナー2
0AQT013,環境科学特別研究2S
0AQT014,環境科学特別研究 2F
0AQT016,Master Project 1
0AQT017,Master Project 2
0AQT021,研究マネージメント技術
0AQT023,科学英語執筆
0AQT025,生命科学工学討論
0AQT027,応用環境倫理学
0AQT029,研究方法論
0AQT030,大学院共通科目
0AQT031,環境政策シミュレーション
0AQT033,水環境論
0AQT035,Introduction to Waste Management (Solid Waste Management Systems Planning)
0AQT037,固体廃棄物管理システム設計論
0AQT039,生物資源再利用循環論
0AQT042,熱帯気候・地球規模モンスーン論
0AQT043,陸域生態論
0AQT045,環境政策概論
0AQT047,環境影響評価論
0AQT049,ライフサイクルアセスメント
0AQT051,再生可能エネルギー論
0AQT053,持続的食料システム論
0AQT055,グリーンエコノミー論
0AQT057,低炭素都市論
0AQT059,スマートコミュニティ論
0AQT061,応用持続可能システム論
0AS0001,人間総合科学基礎論
0AS0101,教育学理論研究
0AS0102,次世代教育開発研究
0AS0103,Theory of International Education
0AS0104,心理統計学特講
0AS0201,武道学
0AS0202,健康増進学特講
0AS0203,トレーニング学
0AS0204,Olympic and Paralympic History (オリンピック・パラリンピック史)
0AS0301,研究のビジュアルデザイン
0AS0302,スポーツ芸術表現学への招待
0AS0303,大学を開くデザインプロデュースA
0AS0304,大学を開くデザインプロデュースB
0AS0305,大学を開くデザインプロデュースC
0AS0306,世界遺産を科学する
0AS0401,こころの神経科学
0AS0402,神経科学先端セミナー1
0AS0501,医科学セミナーI(ブレインサイエンス)
0AS0502,医科学セミナーII(生化学、分子生物学)
0AS0503,医科学セミナーIII(免疫学)
0AS0504,医科学セミナーIV(プライマリケア)
0AS0505,医科学セミナーVII(臨床研究セミナー)
0AS0506,医科学セミナー基礎
0AS0507,社会医学概論
0AS0601,カウンセリング方法論基礎I
0AS0602,リハビリテーション方法論基礎I
0AS0603,スポーツ・ヘルスプロモーション方法論
0AS0701,Research Foundation
0AS0702,研究者のための学術情報流通論
0AS0703,音響メディア情報
0AS0704,情報アクセス
0ATAA01,日本教育史特講
0ATAA02,日本教育史演習
0ATAA03,教育哲学特講
0ATAA04,教育哲学演習
0ATAA05,生涯学習・社会教育学特講
0ATAA06,生涯学習・社会教育学演習
0ATAA07,教育制度学特講
0ATAA08,教育制度学演習
0ATAA09,学校経営学特講
0ATAA10,学校経営学演習
0ATAA11,比較・国際教育学特講
0ATAA12,比較・国際教育学演習
0ATAA13,道徳教育学特講
0ATAA14,道徳教育学演習
0ATAA15,カリキュラム論特講
0ATAA16,カリキュラム論演習
0ATAA17,教育方法学特講
0ATAA18,教育方法学演習
0ATAA19,キャリア教育学特講
0ATAA20,キャリア教育学演習
0ATAA21,教育社会学特講
0ATAA22,教育社会学演習
0ATAA23,高等教育論特講
0ATAA24,高等教育論演習
0ATAA25,特別活動学特講
0ATAA26,特別活動学演習
0ATAA27,教師教育学特講
0ATAA30,教育政策学演習
0ATAB01,学校教育論
0ATAB02,学校心理学
0ATAB03,スクールリーダシップ論
0ATAB04,青年の発達
0ATAB05,国際・多文化教育論
0ATAB06,生涯学習論
0ATAB07,道徳と人権
0ATAB08,心理教育的アセスメント
0ATAB11,学校の社会学
0ATAB12,学校安全と危機管理
0ATAB13,学校経営事例研究
0ATAB14,学習指導と授業
0ATAB15,学習と学級の心理
0ATAB16,学校臨床心理
0ATAC01,教育臨床学特講
0ATAC02,教育臨床学演習
0ATAD01,国語科教育学a
0ATAD02,国語科教育学b
0ATAD03,国語科教育史研究a
0ATAD04,国語科教育史研究b
0ATAD05,国語科教育実践論研究a
0ATAD06,国語科教育実践論研究b
0ATAD07,表現教育論a
0ATAD08,表現教育論b
0ATAD09,文学教育論a
0ATAD10,文学教育論b
0ATAD11,古典教育論a
0ATAD12,古典教育論b
0ATAD13,国語科リテラシー教育論a
0ATAD14,国語科リテラシー教育論b
0ATAD15,国語教育特講
0ATAD16,国語科研究法
0ATAD17,国語科研究法演習
0ATAD18,社会日本語論Ia
0ATAD19,社会日本語論Ib
0ATAD20,社会日本語論IIa
0ATAD21,社会日本語論IIb
0ATAD22,古典日本語論Ia
0ATAD23,古典日本語論Ib
0ATAD24,古典日本語論IIa
0ATAD25,古典日本語論IIb
0ATAD26,現代日本語論Ia
0ATAD27,現代日本語論Ib
0ATAD28,現代日本語論IIa
0ATAD29,現代日本語論IIb
0ATAD30,日本文学研究Ia
0ATAD31,日本文学研究Ib
0ATAD32,日本文学研究IIa
0ATAD33,日本文学研究IIb
0ATAD34,日本文学演習Ia
0ATAD35,日本文学演習Ib
0ATAD36,日本文学演習IIa
0ATAD37,日本文学演習IIb
0ATAD38,日本文学表現論a
0ATAD39,日本文学表現論b
0ATAD40,中国文学研究a
0ATAD41,中国文学研究b
0ATAD42,中国文学演習a
0ATAD43,中国文学演習b
0ATAE01,社会科教育学特講
0ATAE02,社会科教育学内容論(地理歴史)
0ATAE03,社会科教育学内容論(公民)
0ATAE04,社会科教育学実践論(地理歴史)
0ATAE05,社会科教育学実践論(公民)
0ATAE06,地理教育特講I
0ATAE07,地理教育特講II
0ATAE08,地理教育特講III
0ATAE09,地理教育演習I
0ATAE10,地理教育演習II
0ATAE11,地理教育演習III
0ATAE12,歴史教育特講I
0ATAE13,歴史教育特講II
0ATAE14,歴史教育特講III
0ATAE15,歴史教育演習I
0ATAE16,歴史教育演習II
0ATAE17,歴史教育演習III
0ATAE18,歴史教育学特講
0ATAE19,公民教育特講I
0ATAE20,公民教育特講II
0ATAE21,公民教育特講III
0ATAE22,公民教育演習I
0ATAE23,公民教育演習II
0ATAE24,公民教育演習III
0ATAE25,人文地理学特講I
0ATAE26,人文地理学特講II
0ATAE27,人文地理学演習I
0ATAE28,人文地理学演習II
0ATAE29,自然地理学特講I
0ATAE30,自然地理学特講II
0ATAE31,自然地理学演習I
0ATAE32,自然地理学演習II
0ATAE33,地理学野外実験
0ATAE34,日本史特講I
0ATAE35,日本史特講II
0ATAE36,日本史演習I
0ATAE37,日本史演習II
0ATAE38,民俗学実習
0ATAE39,考古学特講I
0ATAE40,考古学特講II
0ATAE41,考古学演習I
0ATAE42,考古学演習II
0ATAE43,考古学実習
0ATAE44,社会学特講I
0ATAE45,社会学特講II
0ATAE46,社会学演習I
0ATAE47,社会学演習II
0ATAE48,政治学特講I
0ATAE49,政治学特講II
0ATAE50,政治学演習I
0ATAE51,政治学演習II
0ATAE52,経済学特講I
0ATAE53,経済学特講II
0ATAE54,経済学演習I
0ATAE55,経済学演習II
0ATAE56,法律学特講I
0ATAE57,法律学特講II
0ATAE58,法律学演習I
0ATAE59,法律学演習II
0ATAE60,哲学特講I
0ATAE61,哲学特講II
0ATAE62,哲学演習I
0ATAE63,哲学演習II
0ATAE64,倫理学特講I
0ATAE65,倫理学特講II
0ATAE66,倫理学演習I
0ATAE67,倫理学演習II
0ATAF01,基礎数理学A
0ATAF02,基礎数理学B
0ATAF03,基礎数理学C
0ATAF04,総合数理学A
0ATAF05,総合数理学B
0ATAF06,総合数理学C
0ATAF07,現代数学基礎A
0ATAF08,現代数学基礎B
0ATAF09,現代数学基礎C
0ATAF10,現代数学特別研究A
0ATAF11,現代数学特別研究B
0ATAF12,現代数学特別研究C
0ATAF13,現代数学特別研究D
0ATAF14,現代数学特別研究E
0ATAF15,現代数学特別研究F
0ATAF16,数学教育研究方法論
0ATAF17,数学教育学習論
0ATAF18,数学教育カリキュラム論
0ATAF19,数学教育内容論
0ATAF20,数学教育実践論演習(代数・幾何)
0ATAF21,数学教育実践論演習(解析・確率統計・ICT利用)
0ATAG01,理科教育基礎論
0ATAG02,理科教育学演習
0ATAG03,理科教育学習論
0ATAG04,理科教育研究方法論
0ATAG05,理科教育実践演習
0ATAG06,基礎物理学1
0ATAG07,基礎化学1
0ATAG08,基礎生物学1
0ATAG09,基礎地学1
0ATAG10,基礎物理学2
0ATAG11,基礎化学2
0ATAG12,基礎生物学2
0ATAG13,基礎地学2
0ATAG14,理科教育実験1
0ATAG15,理科教育実験2
0ATAG16,物理学教育実験
0ATAG17,化学教育実験
0ATAG18,生物学教育実験
0ATAG19,地学教育実験
0ATAG20,地学教育野外実験1
0ATAG21,地学教育野外実験2
0ATAG22,理科野外実習インターンシップ
0ATAG23,物理学特講
0ATAG24,化学特講
0ATAG25,生物学特講
0ATAG26,地学特講
0ATAG27,理科教育学特講
0ATAH01,英語教育研究方法論
0ATAH02,英語教育学習論
0ATAH03,英語教育内容論
0ATAH04,英語教育実践論
0ATAJ01,芸術科教育特講a
0ATAJ02,芸術科教育特講b
0ATAJ03,芸術科教育実践論演習a
0ATAJ04,芸術科教育実践論演習b
0ATAJ05,芸術鑑賞論a-1
0ATAJ06,芸術鑑賞論a-2
0ATAJ07,芸術鑑賞論b-1
0ATAJ08,芸術鑑賞論b-2
0ATAK01,保健体育教育内容論
0ATAK02,保健体育教育実践論演習I
0ATAK03,保健体育教育実践論演習II
0ATAK04,保健体育教育実践論演習III
0ATAK05,保健体育カリキュラム論
0ATAK06,保健体育授業づくり論
0ATAL01,Education and an Interconnected World
0ATAL02,Research Methodology
0ATAL03,Research Design and Methods
0ATAL04,Pedagogy for a Changing World I
0ATAL05,Pedagogy for a Changing World II
0ATAL06,Assessment for Learning I
0ATAL07,Assessment for Learning II
0ATAL08,Curriculum as Process I
0ATAL09,Curriculum as Process II
0ATAL10,The IB Primary Years Programme
0ATAL11,The IB Middle Years Programme
0ATAL12,The IB Diploma Programme
0ATAL13,Professional Learning and Reflective Practice
0ATAL14,Field Research
0ATAL15,国際理解教育論
0ATAL16,グローバル化と教育
0ATAL17,国際教育開発論
0ATAL18,国際教育協力論
0ATAL19,教員養成の国際比較
0ATAL20,Education in Japan: Principles Policies and Practice I
0ATAL21,Education in Japan: Principles Policies and Practice II
0ATAM01,初等国語特講a
0ATAM02,初等国語特講b
0ATAM03,初等社会特講
0ATAM04,初等数学特講
0ATAM05,初等理科特講
0ATAM06,初等英語特講
0ATAM07,初等図画工作特講
0ATAM08,初等体育特講
0ATAN01,教育学研究I
0ATAN02,教育学研究II
0ATAN03,教育学研究III
0ATAP01,次世代教育研究I
0ATAP02,次世代教育研究II
0ATAP03,次世代教育研究III
0ATAQ01,国語教育学研究I
0ATAQ02,国語教育学研究II
0ATAQ03,国語教育学研究III
0ATAR01,地理教育学研究I
0ATAR02,地理教育学研究II
0ATAR03,地理教育学研究III
0ATAR04,歴史教育学研究I
0ATAR05,歴史教育学研究II
0ATAR06,歴史教育学研究III
0ATAR07,公民教育学研究I
0ATAR08,公民教育学研究II
0ATAR09,公民教育学研究III
0ATAS01,数学教育学研究I
0ATAS02,数学教育学研究II
0ATAS03,数学教育学研究III
0ATAT01,理科教育学研究I
0ATAT02,理科教育学研究II
0ATAT03,理科教育学研究III
0ATAU01,英語教育学研究I
0ATAU02,英語教育学研究II
0ATAU03,英語教育学研究III
0ATAV01,芸術科教育学研究I
0ATAV02,芸術科教育学研究II
0ATAV03,芸術科教育学研究III
0ATAW01,保健体育教育学研究I
0ATAW02,保健体育教育学研究II
0ATAW03,保健体育教育学研究III
0ATAX01,国際教育学研究I
0ATAX02,国際教育学研究II
0ATAX03,国際教育学研究III
0ATAX04,International Baccalaureate Education Graduate Seminar I
0ATAX05,International Baccalaureate Education Graduate Seminar II
0ATAX06,International Baccalaureate Education Graduate Seminar III
0ATB011,心理学方法論I
0ATB012,心理学方法論II
0ATB021,心理学特別研究A
0ATB022,心理学特別研究B
0ATB023,心理学特別研究S
0ATB031,心理学先端研究1
0ATB032,心理学先端研究2
0ATB041,心理学キャリア形成
0ATB042,心理学インターンシップ
0ATB051,心理基礎科学演習I
0ATB052,心理基礎科学演習II
0ATB053,心理基礎科学演習III
0ATB054,心理基礎科学演習IV
0ATB060,心理統計学基礎
0ATB061,心理基礎科学英語1
0ATB062,心理基礎科学英語2
0ATB071,感覚知覚心理学特講
0ATB072,心理学と認知支援工学特講
0ATB073,認知心理学特講
0ATB081,教育心理学特講
0ATB082,行動デザイン特講
0ATB083,青年心理学特講
0ATB084,自己心理学特講
0ATB085,計量心理学特講
0ATB091,社会心理学特講
0ATB092,臨床社会心理学特講(心の健康教育に関する理論と実践)
0ATB101,臨床心理学特講I
0ATB102,臨床心理学特講II
0ATB103,臨床心理面接特講I(心理支援に関する理論と実践)
0ATB104,臨床心理面接特講II
0ATB111,臨床心理基礎実習
0ATB112,臨床心理実習I(心理実践実習IIC)
0ATB113,臨床心理実習II
0ATB114,発達臨床心理実習I(心理実践実習IID)
0ATB115,発達臨床心理実習II
0ATB116,臨床心理査定演習I(心理的アセスメントに関する理論と実践)
0ATB117,臨床心理査定演習II
0ATB121,児童臨床心理学特講(教育分野に関する理論と支援の展開X)
0ATB122,発達臨床心理学特講(教育分野に関する理論と支援の展開Y)
0ATB125,精神医学(保健医療分野に関する理論と支援の展開X)
0ATB126,神経心理学特講(保健医療分野に関する理論と支援の展開Y)
0ATB127,心理療法特講
0ATB132,学校心理学特講(教育分野に関する理論と支援の展開Z)
0ATB133,老年心理学特講
0ATB134,キャリアカウンセリング特講(産業・労働分野に関する理論と支援の展開X)
0ATB135,非行・犯罪心理学特講(司法・犯罪分野に関する理論と支援の展開)
0ATB141,臨床心理家族・地域援助特講(家族関係・集団・地域社会における心理支援に関する理論と実践)
0ATB142,心理実践実習IA
0ATB143,心理実践実習IB
0ATB144,心理実践実習IIA
0ATB145,心理実践実習IIB
0ATC001,障害科学調査・実験実習I
0ATC002,障害科学調査・実験実習II
0ATC003,障害科学研究法I
0ATC004,障害科学研究法II
0ATC005,障害科学研究法III
0ATC006,海外特別研修セミナー
0ATC007,障害科学講究
0ATC101,特別支援教育総論
0ATC111,視覚障害教育学
0ATC112,視覚障害指導法
0ATC113,視覚障害心理学
0ATC114,視覚障害病態生理学
0ATC121,肢体不自由教育学
0ATC122,肢体不自由指導法
0ATC123,肢体不自由心理学
0ATC124,肢体不自由病態生理学
0ATC131,障害児教育課程論
0ATC141,知的障害教育学
0ATC142,知的障害指導法
0ATC143,知的障害心理学
0ATC144,知的障害病態生理学
0ATC151,聴覚障害指導法
0ATC161,重複障害指導法
0ATC171,特別支援学校教育実習
0ATC181,発達・行動・言語障害指導法
0ATC182,発達・行動障害生理・心理学
0ATC191,言語障害生理・心理学
0ATC1A1,病弱教育学
0ATC1A2,病弱指導法
0ATC1A3,病弱心理学
0ATC1A4,病弱病態生理学
0ATC1B1,聴覚障害教育学
0ATC1B2,聴覚障害心理学
0ATC1B3,聴覚障害病態生理学
0ATC1C1,知的・発達障害心理学特講
0ATC1C2,知的・発達障害指導法特講
0ATC1D1,行動障害指導法特講
0ATC1D2,臨床発達心理学
0ATC1D3,教育臨床発達援助論
0ATC1D4,行動問題面接指導法特講
0ATC1D5,臨床発達心理査定法特講
0ATC1D6,行動臨床心理学
0ATC1E1,障害学生支援学特講
0ATC1E2,障害学生支援学演習
0ATC1F1,特別支援教育学
0ATC1G1,Special Lecture on Disability Sciences
0ATC201,視覚障害学特講I
0ATC202,視覚障害学特講II
0ATC203,視覚障害学演習I
0ATC204,視覚障害学演習II
0ATC205,視覚障害学演習III
0ATC211,聴覚障害学特講I
0ATC212,聴覚障害学特講II
0ATC213,聴覚障害学演習I
0ATC214,聴覚障害学演習II
0ATC215,聴覚障害学演習III
0ATC221,運動障害学特講I
0ATC222,運動障害学特講II
0ATC223,運動障害学演習I
0ATC224,運動障害学演習II
0ATC225,運動障害学演習III
0ATC231,病弱特講I
0ATC232,病弱特講II
0ATC233,病弱演習I
0ATC234,病弱演習II
0ATC235,病弱演習III
0ATC241,知的・発達・行動障害学特講I
0ATC242,知的・発達・行動障害学特講II
0ATC243,知的・発達・行動障害学演習I
0ATC244,知的・発達・行動障害学演習II
0ATC245,知的・発達・行動障害学演習III
0ATC251,言語障害学特講I
0ATC252,言語障害学特講II
0ATC253,言語障害学演習I
0ATC254,言語障害学演習II
0ATC255,言語障害学演習III
0ATC261,障害福祉学特講I(福祉分野における理論と支援の展開X)
0ATC262,障害福祉学特講II(福祉分野における理論と支援の展開Y)
0ATC263,障害福祉学演習I
0ATC264,障害福祉学演習II
0ATC265,障害福祉学演習III
0ATC271,障害原理論特講I
0ATC272,障害原理論特講II
0ATC273,障害原理論演習I
0ATC274,障害原理論演習II
0ATC275,障害原理論演習III
0ATC281,理療科教育特講I
0ATC282,理療科教育特講��
0ATC283,理療科教育演習I
0ATC284,理療科教育演習II
0ATC285,理療科教育演習III
0ATD101,カウンセリング方法論基礎II
0ATD102,カウンセリング方法論基礎III
0ATD103,カウンセリング研究法I
0ATD104,カウンセリング研究法II
0ATD201,カウンセリング心理学
0ATD202,カウンセリング特別研究I
0ATD203,カウンセリング特別研究II
0ATD204,カウンセリング特別研究III
0ATD301,生涯発達臨床心理学I
0ATD302,生涯発達臨床心理学II
0ATD303,学校心理学
0ATD304,学校教育相談
0ATD305,健康心理学
0ATD307,組織心理学
0ATD308,キャリア心理学
0ATD309,人格心理学
0ATD310,人間関係論
0ATD311,非行・犯罪心理学
0ATD312,家族心理学
0ATD313,グループプロセス
0ATD314,心理・教育アセスメント
0ATD315,ヘルピング・スキル
0ATD316,カウンセリング方法論
0ATD317,心理療法
0ATD318,認知行動療法
0ATD319,心理診断法
0ATD320,心身医学
0ATD321,心理・教育統計法
0ATD322,社会調査法
0ATD323,データ解析法
0ATD324,事例研究法
0ATD325,エビデンス・ベイスト・プラクティス特論
0ATD401,人間行動基礎論I
0ATD402,人間行動基礎論II
0ATD403,人間行動基礎論III
0ATD404,人間行動基礎論IV
0ATD405,生涯発達カウンセリング特講I
0ATD406,生涯発達カウンセリング特講II
0ATD407,生涯発達カウンセリング特講III
0ATD408,生涯発達カウンセリング特講IV
0ATD501,生涯発達カウンセリング基礎面接実習
0ATD502,生涯発達カウンセリング応用面接実習
0ATD503,生涯発達カウンセリング特別面接実習
0ATD601,産業カウンセリング特別面接実習
0ATD602,非行・犯罪心理学特別面接実習
0ATD603,教育カウンセリング特別面接実習
0ATD604,家族カウンセリング特別面接実習
0ATD605,学校カウンセリング特別面接実習
0ATD606,健康心理カウンセリング特別面接実習
0ATD607,精神衛生カウンセリング特別面接実習
0ATD608,臨床心理カウンセリング特別面接実習
0ATD609,生涯発達カウンセリング実践面接実習
0ATE101,リハビリテーション方法論基礎II
0ATE102,リハビリテーション方法論基礎III
0ATE103,リハビリテーション研究法I
0ATE104,リハビリテーション研究法II
0ATE105,リハビリテーション概説
0ATE106,リハビリテーション研究基礎論
0ATE107,リハビリテーション特別研究
0ATE201,医学的リハビリテーション
0ATE202,特別支援教育特講
0ATE203,ダイバーシティ概論
0ATE204,職業リハビリテーション
0ATE205,地域リハビリテーション
0ATE206,統計学
0ATE301,特別支援教育授業論
0ATE302,特別支援教育教育課程論
0ATE303,特別支援教育コーディネーター論
0ATE304,障害者福祉論
0ATE305,職業指導論
0ATE306,リハビリテーション事例研究
0ATE307,特別支援教育事例研究
0ATE308,視覚障害学特論
0ATE309,聴覚障害学特論
0ATE310,言語障害学特論
0ATE311,運動障害学特論
0ATE312,知的障害学特論
0ATE313,精神障害学特論
0ATE314,高次脳機能障害学特論
0ATE315,健康障害学特論
0ATE316,高齢障害学特論
0ATE317,発達障害学特論
0ATE318,視覚障害学演習
0ATE319,運動障害学演習
0ATE320,高齢障害学演習
0ATE321,発達障害学演習
0ATE322,社会リハビリテーション演習
0ATE323,職業リハビリテーション演習
0ATE324,リハビリテーションカウンセリング
0ATE325,リハビリテーション課題研究
0ATE326,リハビリテーション英語
0ATE327,国際リハビリテーション演習
0ATE328,質的研究法
0ATE329,多変量解析法
0ATE330,精神障害学演習
0ATF001,キャリアプランセミナー
0ATF201,神経科学基礎論A
0ATF202,神経科学基礎論B
0ATF203,神経科学基礎論C
0ATF204,神経科学基礎論D
0ATF251,基礎科学英語1
0ATF252,基礎科学英語2
0ATF401,神経科学実験・実習A
0ATF402,神経科学実験・実習B
0ATF403,神経科学実験・実習C
0ATF404,神経科学実験・実習D
0ATF451,英語ジャーナルクラブ1
0ATF452,英語ジャーナルクラブ2
0ATF602,神経科学先端セミナー2
0ATF651,実践的神経科学インターンシップ
0ATF801,修士論文研究指導1
0ATF802,修士論文研究指導2
0ATF803,修士論文研究指導3
0ATF804,修士論文研究指導4
0ATGA11,人体構造学概論
0ATGA12,人体構造学実習
0ATGA13,臨床医学概論
0ATGA14,医科学特講
0ATGA15,医情報処理学特論
0ATGA16,医学英語I
0ATGA17,医学英語II
0ATGA18,研究マネジメント基礎
0ATGA19,医科学特別演習
0ATGA21,インターンシップI
0ATGA22,インターンシップII
0ATGA23,基礎医科学演習
0ATGA24,留学生セミナー
0ATGA25,医科学セミナーV(キャリアパス)
0ATGA26,医科学セミナーVI(疫学・生物統計学)
0ATGA27,人体生理学特論
0ATGA28,生化学特論
0ATGA29,国際実践医科学研究特論I
0ATGA30,国際実践医科学研究特論II
0ATGA31,国際実践医科学研究特論III
0ATGC32,人体病理学概論
0ATGC33,実験動物科学特論・同実習
0ATGC34,内科学概論
0ATGC35,外科学概論
0ATGC36,ライフサイエンスにおける病態生化学
0ATGC37,臨床検査総論
0ATGC38,English Discussion and Presentation on Medical Sciences I
0ATGC39,English Discussion and Presentation on Medical Sciences II
0ATGC41,神経科学特論
0ATGC42,神経科学英語
0ATGC43,神経回路
0ATGC44,認知神経科学
0ATGC45,分子細胞神経生物学
0ATGC46,Scientific Ethics
0ATGC47,Scientific Critical Reading and Analysis
0ATGE48,機能形態学特論・同実習
0ATGE49,腫瘍学
0ATGE51,薬理学
0ATGE52,ゲノム医学概論
0ATGE53,医工学概論
0ATGE54,放射線医科学特論
0ATGE55,精神医学概論
0ATGE56,臨床老年病学
0ATGE57,臨床薬剤学特論
0ATGE58,橋渡し研究概論
0ATGE61,ヒトの感染と免疫
0ATGE62,Stem Cell Therapy
0ATGE63,医薬品・医療機器レギュラトリーサイエンス
0ATGE64,適正技術教育
0ATGE65,医学物理学詳論IA
0ATGE66,医学物理学詳論IB
0ATGE67,医学物理学詳論II
0ATGE68,医学物理学詳論III
0ATGE69,医学物理学詳論IV
0ATGE71,医学物理学詳論V
0ATGE72,医学物理問題解決型演習
0ATGE73,医学物理問題解決型実習
0ATHA11,疫学概論
0ATHA12,医生物統計学概論
0ATHA13,医生物統計学実習
0ATHA14,公衆衛生学特別演習
0ATHA15,疫学・生物統計学セミナー
0ATHA16,量的研究の批判的評価法
0ATHA17,システマティックレビュー・メタアナリシス入門
0ATHE21,健康行動科学論
0ATHE22,保健医療政策学
0ATHE23,医療管理学
0ATHE24,医療経済学
0ATHE25,ヘルスサービスリサーチ概論
0ATHF31,疫学特論
0ATHF32,臨床試験論
0ATHF33,ヘルスプロモーション
0ATHF34,環境保健学
0ATHF35,医生物統計学特論
0ATHF36,精神保健学
0ATHF37,高齢者ケアリング学特論
0ATMB11,看護科学論
0ATMB12,看護コミュニケーション論
0ATMB13,看護コンサルテーション論
0ATMB14,看護学研究法
0ATMB15,保健統計学
0ATMB16,国際看護学
0ATMB17,看護倫理学
0ATMB18,看護教育論
0ATMB19,フィジカルアセスメント
0ATMB21,病態生理学
0ATMB22,臨床薬理学
0ATMB23,看護教育学
0ATMB27,生殖生命倫理学
0ATMB28,周産期のフィジカルアセスメント
0ATMB29,地域母子保健論
0ATMB30,リプロダクティブ・ヘルス支援論
0ATMB31,リプロダクティブ・ステージの精神保健学
0ATMC11,国際保健・公衆衛生看護学特論
0ATMC12,国際保健・公衆衛生看護学演習
0ATMC13,国際保健・地域看護学特論
0ATMC14,国際保健・地域看護学演習��
0ATMC15,国際保健・地域看護学演習��
0ATMC16,臨床実践看護学特論
0ATMC17,臨床実践看護学演習��
0ATMC18,臨床実践看護学演習��
0ATMD11,ウィメンズヘルス看護学特論
0ATMD12,ウィメンズヘルス看護学演習I
0ATMD13,ウィメンズヘルス看護学演習II
0ATMD14,ウィメンズヘルス看護学演習III
0ATMD15,ウィメンズヘルス看護学演習IV
0ATMD16,助産学特論I
0ATMD17,助産学演習I
0ATMD18,助産学特論II
0ATMD19,助産学演習II
0ATMD21,助産学特論III
0ATMD22,助産学演習III
0ATMD23,助産学実習I
0ATMD24,助産学実習II
0ATMD25,助産学支援論
0ATME11,家族看護学特論
0ATME12,家族看護学演習
0ATME13,発達支援看護学特論
0ATME14,家族看護トランスレーショナル・リサーチ演習
0ATME15,家族生活アセスメント学
0ATME16,家族アセスメント/インターベンション学
0ATME17,家族看護実践学
0ATME18,家族看護学基盤実習
0ATME19,家族看護学展開実習
0ATME21,家族看護学統合実習
0ATME22,養育期家族援助学
0ATMF11,がん看護学特論I
0ATMF12,がん看護学演習I
0ATMF13,がん看護学特論II
0ATMF14,がん看護学演習II
0ATMF15,がん看護学特論III
0ATMF16,基礎腫瘍学特論
0ATMF17,臨床腫瘍学特論
0ATMF18,緩和ケア特論
0ATMF19,がん看護学実習I
0ATMF21,がん看護学実習II
0ATMF22,がん看護学実習III
0ATMG11,精神保健看護学特論
0ATMG12,精神保健看護学演習
0ATMG13,精神看護学特論I
0ATMG14,精神看護学特論II
0ATMG15,精神看護学特論III
0ATMG16,精神看護学演習I
0ATMG17,精神看護学演習II
0ATMG18,精神看護学実習I
0ATMG19,精神看護学実習II
0ATMH11,慢性看護学特論I
0ATMH12,慢性看護学演習I
0ATMH13,慢性看護学特論II
0ATMH14,慢性看護学演習II
0ATMH15,慢性看護学特論III
0ATMH16,慢性看護学特論IV
0ATMH17,慢性看護学演習IV
0ATMH18,慢性看護学実習I
0ATMH19,慢性看護学実習II
0ATMY11,インターンシップ
0ATMY12,看護科学特別実習
0ATMY13,看護科学特別研究
0ATMZ01,国際看護研究演習
0ATMZ02,国際看護実践演習
0ATP001,体育・スポーツ学分野研究方法論
0ATP002,健康体力学分野研究方法論
0ATP003,コーチング学分野研究方法論
0ATP010,研究ワークショップ
0ATP011,研究基礎共通実習(PBL)
0ATP012,健康・スポーツ科学のための統計学
0ATP013,健康・スポーツ科学のための英語上級
0ATP020,つくばサマーインスティトゥート
0ATP021,International Sport Policy Studies(国際スポーツ政策研究)
0ATP022,Advanced Coach Education(上級コーチ教育論)
0ATP023,Management and Organization(経営マネジメント論)
0ATP024,Project Management(プロジェクトマネジメント論)
0ATP031,JSC Seminar(JSCセミナー)
0ATP032,JSC Project(JSCプロジェクト)
0ATP033,On the Job Practice (Domestic)
0ATP041,"Sport, Culture and Society(スポーツ・文化・社会)"
0ATP101,スポーツ経営学
0ATP102,体育・スポーツ哲学
0ATP103,スポーツ史学
0ATP105,スポーツ産業学
0ATP106,スポーツ社会学
0ATP107,スポーツ政策学
0ATP110,フェアプレイ論
0ATP111,身体文化論
0ATP113,スポーツ法学
0ATP114,スポーツ行政学
0ATP115,スポーツビジネス論
0ATP116,スポーツを通じた開発論
0ATP117,スポーツメディア論
0ATP118,スポーツ文化・経営政策共通実習
0ATP131,スポーツ文化・経営政策インターンシップ春
0ATP132,スポーツ文化・経営政策インターンシップ秋
0ATP141,地域スポーツ経営論
0ATP142,スポーツリスクマネジメント論
0ATP143,スポーツマーケティング論
0ATP201,体育科学習指導論
0ATP202,学校健康教育論
0ATP203,アダプテッド・スポーツ教育論
0ATP204,スポーツカウンセリング論
0ATP206,大学体育教育論
0ATP210,保健社会学
0ATP212,学校体育経営論
0ATP213,武道授業指導論
0ATP214,スポーツ心理学
0ATP215,運動学習心理学
0ATP216,保健教材論
0ATP217,野外教育プログラム論
0ATP218,野外教育指導論
0ATP219,体育授業観察分析法I
0ATP220,体育授業観察分析法II
0ATP231,健康・スポーツ教育インターンシップ春
0ATP232,健康・スポーツ教育インターンシップ秋
0ATP241,野外教育実習(キャンプ)
0ATP242,舞踊授業指導論
0ATP301,体力学特講
0ATP302,スポーツ生理学特講
0ATP303,スポーツ生化学特講
0ATP304,スポーツ栄養学特講
0ATP306,ヘルスフィットネス橋渡し研究概論
0ATP307,体育測定評価学特講(発育発達学を含む)
0ATP311,スポーツ栄養学実験実習
0ATP312,スポーツ生理学実験
0ATP313,スポーツ生化学実験
0ATP314,体力学実習
0ATP315,健康増進学実習
0ATP316,体育測定評価学実習(発育発達学を含む)
0ATP321,基礎ヘルスフィットネス演習
0ATP331,ヘルスフィットネスインターンシップ春
0ATP332,ヘルスフィットネスインターンシップ秋
0ATP401,運動器のしくみと働き(基礎編)
0ATP402,スポーツバイオメカニクス特講
0ATP403,スポーツ用具と動きのしくみ
0ATP404,女性スポーツ医学論特講
0ATP405,機能解剖学実験
0ATP406,運動器のしくみと働き(応用編)
0ATP407,スポーツ医学基礎論実習I
0ATP408,スポーツ医学基礎論実習II
0ATP409,ヒトの身体と運動のダイナミクス
0ATP410,アスレティックコンディショニング論特講
0ATP411,アスレティックリハビリテーション論特講
0ATP412,アスレティックトレーナー特講
0ATP413,テーピング・マッサージ実習
0ATP414,スポーツ内科学特講
0ATP415,アスレティックコンディショニング論演習
0ATP416,アスレティックリハビリテーション論演習
0ATP417,アスレティックコンディショニング論実習
0ATP418,アスレティックリハビリテーション論実習
0ATP419,アスレティックトレーナー演習
0ATP431,アスレティックコンディショニングインターンシップ春
0ATP432,アスレティックコンディショニングインターンシップ秋
0ATP501,コーチングのバイオメカニクス
0ATP503,コーチング論(事例討議)
0ATP504,身体技法論
0ATP505,身体表現論
0ATP506,スポーツ運動学
0ATP507,武道文化論
0ATP510,体操コーチング総合演習
0ATP511,体操競技コーチング総合演習
0ATP512,陸上競技コーチング総合演習
0ATP513,水泳競技コーチング総合演習
0ATP514,バレーボールコーチング総合演習
0ATP515,バスケットボールコーチング総合演習
0ATP516,ハンドボールコーチング総合演習
0ATP517,サッカーコーチング総合演習
0ATP518,ラグビーコーチング総合演習
0ATP519,テニスコーチング総合演習
0ATP520,バドミントンコーチング総合演習
0ATP521,野球コーチング総合演習
0ATP522,柔道コーチング総合演習
0ATP523,剣道コーチング総合演習
0ATP524,弓道コーチング総合演習
0ATP525,舞踊指導総合演習
0ATP526,スポーツコーチング総合演習
0ATP527,卓球コーチング総合演習
0ATP530,コーチングインターンシップ春
0ATP531,コーチングインターンシップ秋
0ATP540,競技マネジメント論
0ATP541,舞踊上演マネジメント論
0ATP542,スポーツ情報戦略論
0ATP631,プログラム特別インターンシップ春
0ATP632,プログラム特別インターンシップ秋
0ATP642,高度スポーツ指導者の英語会話
0ATP643,"日本文化論(宗教,思想,古典芸能など)"
0ATP644,高度スポーツ指導者の実践英語演習
0ATP7A1,体育・スポーツ哲学演習I
0ATP7A2,体育・スポーツ哲学演習II
0ATP7B1,体育史・スポーツ人類学演習I
0ATP7B2,体育史・スポーツ人類学演習II
0ATP7C1,スポーツ社会学演習I
0ATP7C2,スポーツ社会学演習II
0ATP7D1,武道学演習I
0ATP7D2,武道学演習II
0ATP7E1,体育・スポーツ経営学演習I
0ATP7E2,体育・スポーツ経営学演習II
0ATP7F1,スポーツ政策学演習I
0ATP7F2,スポーツ政策学演習II
0ATP7F3,スポーツ法学演習
0ATP7G1,スポーツ産業学演習I
0ATP7G2,スポーツ産業学演習II
0ATP7H1,体育科教育学演習I
0ATP7H2,体育科教育学演習II
0ATP7H3,体育授業観察分析演習
0ATP7J1,アダプテッド体育・スポーツ学演習I
0ATP7J2,アダプテッド体育・スポーツ学演習II
0ATP7J3,アダプテッド体育・スポーツ指導理論実習
0ATP7K1,体育心理学演習I
0ATP7K2,体育心理学演習II
0ATP7K3,体育心理学実習
0ATP7M1,体育・スポーツ学特別演習
0ATP7M2,体育・スポーツ学特別演習II
0ATP8A1,健康教育学演習I
0ATP8A2,健康教育学演習II
0ATP8C1,運動生理学演習I
0ATP8C2,運動生理学演習II
0ATP8D1,運動生化学演習I
0ATP8D2,運動生化学演習II
0ATP8E1,運動栄養学演習I
0ATP8E2,運動栄養学演習II
0ATP8F1,体力学演習I
0ATP8F2,体力学演習II
0ATP8G1,健康増進学演習I
0ATP8G2,健康増進学演習II
0ATP8H1,体育測定評価学演習I
0ATP8H2,体育測定評価学演習II
0ATP8J1,内科系スポーツ医学演習I
0ATP8J2,内科系スポーツ医学演習II
0ATP8J3,スポーツ医学基礎論特講I
0ATP8K1,外科系スポーツ医学演習I
0ATP8K2,外科系スポーツ医学演習II
0ATP8K3,スポーツ医学基礎論特講II
0ATP8M1,スポーツバイオメカニクス演習I
0ATP8M2,スポーツバイオメカニクス演習II
0ATP8M3,スポーツバイオメカニクス実験
0ATP8P1,応用解剖学演習I
0ATP8P2,応用解剖学演習II
0ATP8Q1,健康体力学特別演習
0ATP8Q2,健康体力学特別演習II
0ATP9A1,コーチング論・トレーニング学演習I
0ATP9A2,コーチング論・トレーニング学演習II
0ATP9B1,スポーツ運動学演習I
0ATP9B2,スポーツ運動学演習II
0ATP9C1,体操コーチング論演習I
0ATP9C2,体操コーチング論演習II
0ATP9D1,体操競技コーチング論演習I
0ATP9D2,体操競技コーチング論演習II
0ATP9E1,陸上競技コーチング論演習I
0ATP9E2,陸上競技コーチング論演習II
0ATP9F1,水泳競技コーチング論演習I
0ATP9F2,水泳競技コーチング論演習II
0ATP9G1,バレーボールコーチング論演習I
0ATP9G2,バレーボールコーチング論演習II
0ATP9H1,バスケットボールコーチング論演習I
0ATP9H2,バスケットボールコーチング論演習II
0ATP9J1,ハンドボールコーチング論演習I
0ATP9J2,ハンドボールコーチング論演習II
0ATP9K1,サッカーコーチング論演習I
0ATP9K2,サッカーコーチング論演習II
0ATP9M1,ラグビーコーチング論演習I
0ATP9M2,ラグビーコーチング論演習II
0ATP9N1,ラケットバットスポーツコーチング論演習I
0ATP9N2,ラケットバットスポーツコーチング論演習II
0ATP9P1,柔道コーチング論演習I
0ATP9P2,柔道コーチング論演習II
0ATP9P3,柔道コーチング論実習「形」
0ATP9Q1,剣道コーチング論演習I
0ATP9Q2,剣道コーチング論演習II
0ATP9R1,弓道コーチング論演習I
0ATP9R2,弓道コーチング論演習II
0ATP9S1,野外運動論演習I
0ATP9S2,野外運動論演習II
0ATP9S3,野外運動論実習
0ATP9T1,舞踊論演習I
0ATP9T2,舞踊論演習II
0ATP9T3,舞踊表現技術実習
0ATP9U1,コーチング学特別演習
0ATP9U2,コーチング学特別演習II
0ATP9V1,コーチング特別課題研究I(設計)
0ATP9V2,コーチング特別課題研究II(展開とまとめ)
0ATQ001,Olympic Movement Studies (オリンピックムーブメント論)
0ATQ002,Olympic Movement and Sport Law (オリンピックムーブメントとスポーツ法)
0ATQ003,International Sport Event Management (国際スポーツイベントマネジメント論)
0ATQ004,Anti-Doping (アンチ・ドーピング)
0ATQ005,Japanese Culture (日本文化)
0ATQ006,Sport and Diversity (スポーツとダイバーシティー)
0ATQ007,Olympic and Paralympic Education (オリンピック・パラリンピック教育)
0ATQ008,Taiku (Physical Education) (体育)
0ATQ009,Cross-Cultural Communication (異文化コミュニケーション)
0ATQ010,Research Project Management (研究プロジェクトマネジメント)
0ATQ101,TIAS Internship A (TIASインターンシップ A)
0ATQ102,TIAS Internship B (TIASインターンシップ B)
0ATQ103,TIAS Research Project (TIAS課題研究)
0ATQ201,Seminar in Olympic and Paralympic Education I (オリンピック・パラリンピック教育演習 I)
0ATQ202,Seminar in Olympic and Paralympic Education II (オリンピック・パラリンピック教育演習 II)
0ATQ203,Seminar in Sport Management I (スポーツマネジメント演習 I)
0ATQ204,Seminar in Sport Management II (スポーツマネジメント演習 II)
0ATQ205,Seminar in Sport Science and Medicine I (スポーツ医科学演習 I)
0ATQ206,Seminar in Sport Science and Medicine II (スポーツ医科学演習 II)
0ATQ207,"Seminar in Teaching, Coaching and Japanese Culture I (ティーチング、コーチングと日本文化演習 I)"
0ATQ208,"Seminar in Teaching, Coaching and Japanese Culture II (ティーチング、コーチングと日本文化演習 II)"
0ATQ209,Olympism and Legacy (オリンピズムとレガシー)
0ATQ210,Sport Organisation and Governance (スポーツ組織とガバナンス論)
0ATQ211,International Sport Marketing (国際スポーツマーケティング)
0ATQ212,Sport Technology and Biomechanics (スポーツ工学とバイオメカニクス)
0ATQ213,Sport Medicine (スポーツ医学)
0ATQ214,Exercise Physiology and Human Performance (運動生理学とヒューマンパフォーマンス)
0ATQ215,Elite Sport Coaching (エリートスポーツコーチング論)
0ATQ216,Budo (武道)
0ATS011,スポーツ・ヘルスプロモーション論概論
0ATS021,スポーツ健康研究方法論I
0ATS032,スポーツ健康研究方法論II
0ATS033,スポーツ健康研究方法論III
0ATS110,スポーツプロモーション論特講
0ATS111,スポーツプロモーション論演習1
0ATS112,スポーツプロモーション論演習2
0ATS113,スポーツプロモーション論実習
0ATS120,スポーツイベント論特講
0ATS121,スポーツイベント論演習1
0ATS122,スポーツイベント論演習2
0ATS123,スポーツイベント論実習
0ATS164,スポーツプロモーション研究方法論IV
0ATS165,スポーツプロモーション研究方法論V
0ATS210,スポーツマネジメント論特講
0ATS211,スポーツマネジメント論演習1
0ATS212,スポーツマネジメント論演習2
0ATS213,スポーツマネジメント論実習
0ATS220,高度競技マネジメント論特講
0ATS221,高度競技マネジメント論演習1
0ATS222,高度競技マネジメント論演習2
0ATS223,高度競技マネジメント論実習
0ATS230,プロスポーツマネジメント論特講
0ATS231,プロスポーツマネジメント論演習1
0ATS232,プロスポーツマネジメント論演習2
0ATS233,プロスポーツマネジメント論実習
0ATS264,スポーツマネジメント研究方法論IV
0ATS265,スポーツマネジメント研究方法論V
0ATS311,スポーツプロモーション法制論特講
0ATS312,スポーツの倫理と教育
0ATS313,スポーツプロモーションとビジネス
0ATS314,トップアスリートのトレーニング
0ATS315,トップコーチング
0ATS316,生涯スポーツのトータルマネジメント
0ATS351,コミュニティスポーツプロモーション論特講
0ATS352,国際スポーツビジネス論
0ATS371,スポーツ健康科学論I
0ATS410,ヘルスプロモーション論特講
0ATS411,ヘルスプロモーション論演習1
0ATS412,ヘルスプロモーション論演習2
0ATS413,ヘルスプロモーション論実習
0ATS420,健康開発プログラム論特講
0ATS421,健康開発プログラム論演習1
0ATS422,健康開発プログラム論演習2
0ATS423,健康開発プログラム論実習
0ATS464,ヘルスプロモーション研究方法論IV
0ATS465,ヘルスプロモーション研究方法論V
0ATS510,ストレスマネジメントシステム論特講
0ATS511,ストレスマネジメントシステム論演習1
0ATS512,ストレスマネジメントシステム論演習2
0ATS513,ストレスマネジメントシステム論実習
0ATS520,コミュニティメンタルヘルス論特講
0ATS521,コミュニティメンタルヘルス論演習1
0ATS522,コミュニティメンタルヘルス論演習2
0ATS523,コミュニティメンタルヘルス論実習
0ATS564,ストレスマネジメントシステム研究方法論IV
0ATS565,ストレスマネジメントシステム研究方法論V
0ATS611,生活機能増進法論特講
0ATS612,健康増進基礎論特講
0ATS613,健康社会論
0ATS614,健康支援の理論と実践
0ATS615,ヒューマン・ケア科学概論
0ATS616,スポーツ健康統計学特講
0ATS617,質的研究基礎論
0ATS651,スポーツ健康統計基礎論
0ATS671,スポーツ健康科学論II
0ATT011,西洋美術史-1
0ATT012,西洋美術史-2
0ATT021,日本美術史
0ATT031,美術論
0ATT041,芸術教育論-1
0ATT042,芸術教育論-2
0ATT051,美術技法論?1
0ATT052,美術技法論?2
0ATT061,書論
0ATT071,書鑑賞論
0ATT081,ダイナミックインタラクションデザイン演習
0ATT091,インターンシップ
0ATTA01,西洋近世美術史特講I-1
0ATTA02,西洋近世美術史特講I-2
0ATTA03,西洋近世美術史特講II-1
0ATTA04,西洋近世美術史特講II-2
0ATTA05,西洋近世美術史演習I-1
0ATTA06,西洋近世美術史演習I-2
0ATTA07,西洋近世美術史演習II-1
0ATTA08,西洋近世美術史演習II-2
0ATTA11,近・現代美術論特講I-1
0ATTA12,近・現代美術論特講I-2
0ATTA13,近・現代美術論特講II-1
0ATTA14,近・現代美術論特講II-2
0ATTA15,近・現代美術論演習I-1
0ATTA16,近・現代美術論演習I-2
0ATTA17,近・現代美術論演習II-1
0ATTA18,近・現代美術論演習II-2
0ATTA21,西洋古代美術史特講I-1
0ATTA22,西洋古代美術史特講I-2
0ATTA23,西洋古代美術史特講II-1
0ATTA24,西洋古代美術史特講II-2
0ATTA25,西洋古代美術史演習I-1
0ATTA26,西洋古代美術史演習I-2
0ATTA27,西洋古代美術史演習II-1
0ATTA28,西洋古代美術史演習II-2
0ATTA31,日本美術史特講I-1
0ATTA32,日本美術史特講I-2
0ATTA33,日本美術史特講II-1
0ATTA34,日本美術史特講II-2
0ATTA35,日本美術史演習I-1
0ATTA36,日本美術史演習I-2
0ATTA37,日本美術史演習II-1
0ATTA38,日本美術史演習II-2
0ATTA41,美術史学外演習I
0ATTA42,美術史学外演習II
0ATTB01,芸術支援学学外演習A-1
0ATTB02,芸術支援学学外演習A-2
0ATTB03,芸術支援学学外演習B-1
0ATTB04,芸術支援学学外演習B-2
0ATTB11,芸術教育方法論A-1
0ATTB12,芸術教育方法論A-2
0ATTB13,芸術教育方法論B-1
0ATTB14,芸術教育方法論B-2
0ATTB21,芸術学習支援論A
0ATTB22,芸術学習支援論B
0ATTB31,芸術支援ワークショップI
0ATTB32,芸術支援ワークショップII
0ATTB33,芸術支援ワークショップIII
0ATTB41,芸術学習支援演習A
0ATTB42,芸術学習支援演習B
0ATTC01,洋画技法論特講
0ATTC11,西洋美術技法演習-1
0ATTC12,西洋美術技法演習-2
0ATTC21,洋画制作A-1
0ATTC22,洋画制作A-2
0ATTC23,洋画制作B-1
0ATTC24,洋画制作B-2
0ATTC25,洋画制作C-1
0ATTC26,洋画制作C-2
0ATTC27,洋画制作D-1
0ATTC28,洋画制作D-2
0ATTC31,洋画特別制作A-1
0ATTC32,洋画特別制作A-2
0ATTC33,洋画特別制作B-1
0ATTC34,洋画特別制作B-2
0ATTC35,洋画特別制作C-1
0ATTC36,洋画特別制作C-2
0ATTC37,洋画特別制作D-1
0ATTC38,洋画特別制作D-2
0ATTC41,洋画野外風景実習
0ATTD01,版画制作A-1
0ATTD02,版画制作A-2
0ATTD03,版画制作B-1
0ATTD04,版画制作B-2
0ATTD11,版画特別制作-1
0ATTD12,版画特別制作-2
0ATTD21,版画技法演習A
0ATTD22,版画技法演習B
0ATTD31,版画学外演習
0ATTE01,日本美術技法演習-1
0ATTE02,日本美術技法演習-2
0ATTE11,日本画制作A-1
0ATTE12,日本画制作A-2
0ATTE13,日本画制作B-1
0ATTE14,日本画制作B-2
0ATTE15,日本画制作C-1
0ATTE16,日本画制作C-2
0ATTE21,日本画特別制作A-1
0ATTE22,日本画特別制作A-2
0ATTE23,日本画特別制作B-1
0ATTE24,日本画特別制作B-2
0ATTE25,日本画特別制作C-1
0ATTE26,日本画特別制作C-2
0ATTE31,日本画野外風景実習
0ATTF01,彫塑学外演習
0ATTF06,彫塑技法演習
0ATTF11,塑造制作-1
0ATTF12,塑造制作-2
0ATTF21,彫刻制作-1
0ATTF22,彫刻制作-2
0ATTF31,金属彫刻制作
0ATTF41,テラコッタ制作
0ATTF51,彫塑特別制作A
0ATTF52,彫塑特別制作B
0ATTF53,彫塑特別制作C
0ATTF54,彫塑特別制作D
0ATTG01,漢字演習A
0ATTG02,漢字演習B
0ATTG03,漢字演習C
0ATTG04,漢字演習D
0ATTG11,仮名演習A
0ATTG12,仮名演習B
0ATTG21,書学外演習A
0ATTG22,書学外演習B
0ATTG23,書学外演習C
0ATTH01,平面・立体構成論特講
0ATTH11,平面・立体構成演習A
0ATTH12,平面・立体構成演習B
0ATTJ01,現代アート表現論
0ATTJ11,現代アート表現演習
0ATTJ21,メディア表現論
0ATTJ31,メディア表現演習
0ATTJ41,現代美術論
0ATTJ51,現代美術演習
0ATTK01,陶磁造形演習I
0ATTK02,陶磁造形演習II
0ATTK11,陶磁造形論特講
0ATTK21,木材造形演習
0ATTK31,ガラス造形演習
0ATTK41,ガラス特別演習
0ATTK51,漆芸演習
0ATTL01,視覚伝達設計論特講
0ATTL11,視覚伝達設計演習
0ATTL21,グラフィックデザイン演習A
0ATTL22,グラフィックデザイン演習B
0ATTL31,画像表現論特講
0ATTL41,画像表現演習
0ATTL42,フォトメディア演習A
0ATTL43,フォトメディア演習B
0ATTL44,フォトメディア論特講
0ATTL51,ビジュアル・コミュニケーション演習
0ATTP01,環境デザイン論特講
0ATTP11,パッシブデザイン論特講
0ATTP21,都市・地域デザイン論特講
0ATTP31,ランドスケープデザイン論特講
0ATTP41,環境デザイン演習1
0ATTP42,環境デザイン演習2
0ATTX01,創造的復興:ローカルデザイン特別演習I
0ATTX02,創造的復興:ローカルデザイン特別演習II
0ATTX11,創造的復興:チャレンジ学外特別演習I
0ATTX12,創造的復興:チャレンジ学外特別演習II
0ATTX21,研究・制作発表特別演習I
0ATTX22,研究・制作発表特別演習II
0ATTX31,芸術学学位プログラム特別演習
0ATTX32,芸術学学位プログラム特別研究
0ATU001,デザイン学基礎論
0ATU101,感性脳科学特講
0ATU102,視覚情報デザイン論特講
0ATU103,色彩デザイン論特講
0ATU104,構成デザイン論特講
0ATU105,感性情報学特講
0ATU106,デザイン思考
0ATU107,デザインイノベーション特講
0ATU111,建築計画論特講
0ATU112,建築意匠論特講
0ATU113,建築構法論特講
0ATU114,建築・都市フィールドデザイン論特講
0ATU115,建築史論
0ATU116,プレイスメイキング論
0ATU121,人間工学と生体計測特講
0ATU122,エンタテインメントデザイン特講
0ATU123,デザインとケア特講
0ATU124,形態学とデザイン
0ATU201,プロジェクト演習A-I
0ATU202,プロジェクト演習A-II
0ATU211,プロジェクト演習B-I
0ATU212,プロジェクト演習B-II
0ATU221,プロジェクト演習C-I
0ATU222,プロジェクト演習C-II
0ATU231,プロジェクト演習D-I
0ATU232,プロジェクト演習D-II
0ATU301,インターンシップ
0ATU311,アドバンストインターンシップ(長期)
0ATU401,建築デザインインターンシップ1
0ATU402,建築デザインインターンシップ2
0ATU403,建築デザインインターンシップ3
0ATU404,建築デザインインターンシップ4
0ATU501,海外研修1
0ATU502,海外研修2
0ATU503,海外研修3
0ATU504,海外研修4
0ATU801,デザイン学特別演習1
0ATU802,デザイン学特別演習2
0ATV001,世界遺産論
0ATV002,世界遺産特別演習
0ATV003,世界遺産特別研究
0ATV101,文化遺産論
0ATV102,文化遺産演習
0ATV103,自然遺産論
0ATV104,自然遺産演習
0ATV105,宗教論
0ATV106,無形遺産論
0ATV107,遺産保護行政論
0ATV108,世界遺産特別講義
0ATV109,世界遺産学インターンシップ
0ATV110,"Global Learning: Heritage, Creativity and Art（グローバルに学ぶヘリテージ，創造性とアート）"
0ATV111,Global Project: Designing Heritage Research(グローバルに考究するヘリテージ研究デザイン)
0ATV201,Heritage Theory and Policy Studies (国際遺産論)
0ATV202,UNESCO and the World Heritage Convention (ユネスコと世界遺産条約)
0ATV203,World Heritage and International Cooperation (世界遺産と国際協力)
0ATV204,World Heritage and Civil Participation (世界遺産と市民参加)
0ATV205,World Heritage and Sustainability (世界遺産と持続可能性)
0ATV206,Role of International Organizations and NGOs (国際機関の役割)
0ATV207,International Conventions for Heritage Conservation (国際条約論)
0ATV208,Project Practice in World Heritage (世界遺産演習)
0ATV209,Advanced Practice of Heritage Studies (市民参加研究演習)
0ATV301,建築遺産論
0ATV302,建築遺産演習
0ATV303,美術遺産論I
0ATV304,美術遺産論II
0ATV305,美術遺産演習
0ATV306,保存科学概論
0ATV307,保存科学演習
0ATV401,遺産整備計画論
0ATV402,遺産整備計画演習
0ATV403,文化的景観論
0ATV404,遺産観光論
0ATV405,プランニング演習
0ATV406,インタープリテーション概論
0ATW111,データサイエンス実践
0ATW112,機械学習とパターン認識
0ATW113,メディアデザイン
0ATW114,ビジュアライゼーション
0ATW115,生体生命情報
0ATW116,感性認知情報
0ATW117,構造化データ
0ATW11A,情報アクセス
0ATW131,知識情報分析
0ATW132,情報プラクティス
0ATW133,情報推薦
0ATW134,ヒューマンコンピュータインタラクション
0ATW135,コミュニケーション行動
0ATW136,コミュニティ分析
0ATW137,デジタルヒューマニティーズ
0ATW138,知的財産と情報の安全
0ATW13A,知識情報分析
0ATW13B,ヒューマンコンピュータインタラクション
0ATW13C,デジタルヒューマニティーズ
0ATW13D,知的財産と情報の安全
0ATW151,図書館メディア文化史
0ATW152,パブリックサービス
0ATW153,ライブラリーマネジメント
0ATW154,学術情報基盤
0ATW155,アーカイブズ
0ATW156,博物館情報メディア
0ATW157,情報組織化
0ATW158,メディア教育
0ATW15A,図書館メディア文化史
0ATW15B,パブリックサービス
0ATW15C,ライブラリーマネジメント
0ATW15D,学術情報基盤
0ATW15E,アーカイブズ
0ATW15F,博物館情報メディア
0ATW15G,情報組織化
0ATW15H,メディア教育
0ATW211,研究法基礎
0ATW213,文献調査法
0ATW214,Literature Survey
0ATW215,調査とデータ分析
0ATW216,Survey and Data Analysis
0ATW21A,研究法基礎
0ATW21B,文献調査法
0ATW21C,調査とデータ分析
0ATW231,研究計画
0ATW23A,業務計画
0ATW251,情報学特別演習a
0ATW252,情報学特別演習b
0ATW253,情報学特別演習A
0ATW254,情報学特別演習B
0ATW255,情報学特別演習C
0ATW256,情報学特別演習D
0ATW257,情報学特別演習E
0ATW258,情報学特別演習F
0ATW271,グローバル研究演習Ia
0ATW272,グローバル研究演習 Ib
0ATW273,グローバル研究演習 IIa
0ATW274,グローバル研究演習IIb
0AVA101,International Development and Peace through Sport I (スポーツ国際開発論I)
0AVA102,Olympic Movement Studies (オリンピックムーブメント論)
0AVA103,Diffusion of Japanese Culture (日本文化伝播論)
0AVA104,"Sport, Culture and Society (スポーツ・文化・社会)"
0AVA105,Sport Promotion (スポーツプロモーション論)
0AVA106,International Sport Policy Studies (国際スポーツ政策研究)
0AVA107,Sport Management (スポーツマネジメント論)
0AVA108,Sport and Person with Disabilities (PWDs) (スポーツと障がい者)
0AVA109,Health Promotion (ヘルスプロモーション論)
0AVA110,Advanced Coach Education (上級コーチ教育論)
0AVA111,Research Methods (研究方法論)
0AVA112,Cross Cultural Studies in Physical Sport Education (比較体育科教育論)
0AVA201,International Development and Peace through Sport II (スポーツ国際開発論II)
0AVA202,Management and Organization (経営マネジメント論)
0AVA203,Project Management (プロジェクトマネジメント論)
0AVA204,Research Project Management (研究プロジェクトマネジメント)
0AVA205,Research Project Management [Practical] (研究プロジェクトマネジメント(実践))
0AVA302,Public Policy for Social Development IA (社会開発のための公共政策IA)
0AVA303,Public Policy for Social Development IB (社会開発のための公共政策IB)
0AVA306,Multicultural Coexistence (多文化共生論)
0AVA313,Economics of Development（経済開発論）
0AVA314,Social Development（社会開発論）
0AVA315,Foundations of Therapeutic Recreation（セラピューティック・レクリエーション概論）
0AVA316,Data Management and Analysis for Research（研究データ管理・分析法）
0AVA317,Intercultural Exchange and Communication（異文化交流・コミュニケーション）
0AVA401,IDS Seminar: International Development and Peace through Sport (スポーツ国際開発学課題演習)
0AVA402,Research Project (課題研究)
0AVA501,JSC Seminar (JSCセミナー)
0AVA502,JSC Project (JSCプロジェクト)
0AVA503,Seminar in Universities Abroad (国外大学セミナー)
0AVA504,International Conference and Seminar (国際カンファレンス・セミナー)
0AVA505,NGO Activities (NGO等プロジェクト)
0AVA601,On the Job Practice (Domestic)
0AVA602,On the Job Practice (International)
0AVC001,食料健康科学概論
0AVC003,アントレプレナーシップトレーニングI
0AVC004,アントレプレナーシップトレーニングII
0AVC011,バイオアントレプレナーシップトレーニング
0AVC012,キャリアパス・セミナー
0AVC013,医学英語
0AVC015,基礎分子栄養学 
0AVC016,食料健康科学グループセミナー 
0AVC017,就職キャリア支援セミナー
0AVC101,食料健康科学演習I
0AVC102,食料健康科学演習II
0AVC103,国際科学セミナー
0AVC104,食料健康科学研究I
0AVC111,食料健康科学研究II
0AVC112,生物医科学研究の橋渡しのためのブートキャンプ
0AVC113,オミクスとバイオインフォマティクスの食料健康科学への応用
0AVC114,フィールドと実験室の融合(台湾)
0AVC121,フィールドと実験室の融合(フランス)
0AVC122,日本企業インターンシップ
0AVC123,台湾企業インターンシップI
0AVC124,台湾企業インターンシップII
0AVC131,フランス企業インターンシップ
0AVC201,ガンの生物学
0AVC202,グローバルフードセキュリティー特論
0AVC203,基礎毒性学
0AVC204,人体病理学・腫瘍学
0AVC205,橋渡し研究概論
0AVC206,保健医療政策学
0AVC207,食料システム学特論
0AVC208,Metabolomics
0AVC301,グローバルヘルス諸課題
0AVC302,生体分子の細胞ネットワーク
0AVC305,健康研究メソッドの原理と応用
0AVC306,グローバル環境衛生学
0AVC311,疾病負荷の測定:方法と応用
0AVC312,分子栄養学
0AVC313,食品安全と健康
0AVC314,台湾農業
0AVC321,乳製品のバイオテクノロジー
0AVC322,創薬、疾患、健康におけるDNAプロセッシング
0AVC323,応用微生物学
0AVC324,乳製品のバイオテクノロジー
0AVC401,水性及び食源性微生物病と食習慣
0AVC402,栄養、マイクロバイオーム、免疫
0AVC403,栄養・生体制御と主要疾患
0AVC404,欧州における食品安全・保健政策
0AVC411,農業生産への環境ストレスの影響
0AVC412,植物育種学の最先端とその利用
0AVC413,グリーンバイオテクノロジー
0AVC414,動物性食材の品質管理
0AXA001,医学概論
0AXA002,創薬概論
0AXA003,食品科学概論
0AXA004,バイオリソース概論
0AXA005,自然史概論
0AXA011,バイオインフォマティクス基礎
0AXA012,医薬品・食品マネジメント学
0AXA013,レギュラトリーサイエンス
0AXA021,ライフイノベーション実習
0AXA022,ライフイノベーションチーム型演習
0AXA023,責任ある研究行為:基盤編
0AXA031,博士前期ライフイノベーションセミナー
0AXA041,博士前期インターンシップI
0AXA042,博士前期インターンシップII
0AXA10F,ライフイノベーション博士前期演習I秋
0AXA10S,ライフイノベーション博士前期演習I春
0AXA11F,ライフイノベーション博士前期研究I秋
0AXA11S,ライフイノベーション博士前期研究I春
0AXA20F,ライフイノベーション博士前期演習II秋
0AXA20S,ライフイノベーション博士前期演習II春
0AXA21F,ライフイノベーション博士前期研究II秋
0AXA21S,ライフイノベーション博士前期研究II春
0AXA301,疾患の分子細胞生物学I
0AXA302,疾患の分子細胞生物学II
0AXA303,細胞制御論
0AXA401,創薬化学概論
0AXA402,創薬トランスレーショナルサイエンス
0AXA403,薬剤設計工学
0AXA501,食品プロセス工学
0AXA502,食品機能学
0AXA503,食品安全学
0AXA601,生育環境と機能性成分
0AXA602,バイオマス科学
0AXA603,水環境と生命科学
0AXA701,バイオマテリアルサイエンス
0AXA702,生体分子工学
0AXA703,プロジェクトマネージメント
0AXA801,計算生物学
0AXA802,生体分子・創薬インフォマティクス
0AXA803,遺伝子解析と機能ゲノミクス
AB50A11,哲学・宗教学入門
AB60A11,哲学通論-a
AB60A21,哲学通論-b
AB70A11,日本史概説I-a
AB70A21,日本史概説I-b
AB70A31,日本史概説II-a
AB70A41,日本史概説II-b
AB80A11,先史学概説-a
AB80A21,先史学概説-b
AB90A11,言語学概論-a
AB90A21,言語学概論-b
AB90A31,音声学概論
AB90A51,音声学概論-b
AB90A61,音声学概論-c
AC50A01,日本文学概論
AC50A31,日本研究概論I
AC50A41,日本研究概論II
AC50A61,中国文学概論
AC50A91,アジア研究概論
AC60A01,日本文学講読1
AC60A11,日本文学講読2
AC60A21,日本文学講読3
AC60A31,日本文学講読4
AC60A41,日本文学講読5
AC60A51,日本文学講読6
AC60A61,日本文学講読7
AC60A71,日本文学講読8
AE10A12,総合演習導入I
AE10A22,総合演習導入II
XJ22012,集中日本語D000A